ID,英文名稱,中文名稱,圖片,更新日期
3286380,4-H Club,四健会,,2018-03-15
3286381,Abandonment,遗弃,,2018-03-15
3286382,Able-bodied Poor,健壮的穷人,,2018-03-15
3286383,Aboriginal Policy,原住民政策,,2018-03-15
3286384,Aboriginal Social Welfare Administration,原住民社会福利行政,,2018-03-15
3286385,Absolute Needs,绝对需求,,2018-03-15
3286386,Absolute Poverty,绝对贫穷,,2018-03-15
3286387,Abuse of Older People,老人虐待,,2018-03-15
3286388,Elder Abuse,老人虐待,,2018-03-15
3286389,Abused Woman,受虐妇女,,2018-03-15
3286390,Academic Approach,学院式取向,,2018-03-15
3286391,Academy of Certified Social Workers,合格社会工作师学会,,2018-03-15
3286392,Acceptance,接纳,,2018-03-15
3286393,Accessibility,可近性,,2018-03-15
3286394,Accident Rate,意外事故率,,2018-03-15
3286395,Accountability,责信；课责,,2018-03-15
3286396,Acculturation,涵化,,2018-03-15
3286397,Achievement Motivation,成就动机,,2018-03-15
3286398,Action Design,行动设计,,2018-03-15
3286399,Action Research,行动研究,,2018-03-15
3286400,Action-based Behavioural Approach,行动为基础的行为途径,,2018-03-15
3286401,Activation,积极促进 {参与劳动市场或社区},,2018-03-15
3286402,Activation measure effect,积极促进就业方案效应；活化就业方案效应,,2018-03-15
3286403,Active Aging,活力老化,,2018-03-15
3286404,Activities of Daily Living {=ADL},日常生活活动功能,,2018-03-15
3286405,Additional Benefits,附加给付,,2018-03-15
3286406,Adjustment,适应,,2018-03-15
3286407,Adopted Children,养子女,,2018-03-15
3286408,Adoption,收养,,2018-03-15
3286409,Adoptive Families,收养家庭,,2018-03-15
3286410,Adult Day Care,成人日间照顾,,2018-03-15
3286411,Adult Day Services,成人日间服务,,2018-03-15
3286412,Adult Education,成人教育,,2018-03-15
3286413,Adult Protective Services {=APS},成人保护服务,,2018-03-15
3286414,Adverse Selection,逆选择,,2018-03-15
3286415,Advocacy,倡导；倡议；辩护,,2018-03-15
3286416,Affirmative Action,平权行动,,2018-03-15
3286417,AFL-CIO,美国劳工暨产业工会联盟,,2018-03-15
3286418,After-school Care,课后照顾,,2018-03-15
3286419,Age Discrimination,年龄歧视,,2018-03-15
3286420,Ageism,老人歧视；老年歧视,,2018-03-15
3286421,Agency for International Development,国际开发总署,,2018-03-15
3286422,Aging and Disability Resource Center {=ADRC},高龄与身心障碍资源中心,,2018-03-15
3286423,Aging in Place,在地老化,,2018-03-15
3286424,Aging Society,高龄化社会,,2018-03-15
3286425,Aging Theories,老化理论,,2018-03-15
3286426,Agricultural Insurance,农业保险,,2018-03-15
3286427,Aid to Dependent Children,未成年子女之单亲扶助,,2018-03-15
3286428,Aid to Families with Dependent Children {=AFDC},有依赖儿童之家庭补助,,2018-03-15
3286429,AIDS,后天免疫缺乏症候群,,2018-03-15
3286430,Al-Anon Family Group,戒酒者家属团体,,2018-03-15
3286431,Alcoholics Anonymous,戒酒者匿名会,,2018-03-15
3286432,Alcoholism,酒瘾,,2018-03-15
3286433,Alimony,赡养费,,2018-03-15
3286434,Allocation de Parent Isolé {=API},单亲家庭津贴{法语},,2018-03-15
3286435,Allocation Formula,分配公式,,2018-03-15
3286436,Allocation Veuvage {=AV},寡妇津贴{法语},,2018-03-15
3286437,Almshouse,济贫院,,2018-03-15
3286438,Poorhouse,济贫院,,2018-03-15
3286439,Alternative Civilian Service,替代役,,2018-03-15
3286440,Alternative schools,替代性学院；选替学校,,2018-03-15
3286441,Altruism,利他主义,,2018-03-15
3286442,Analogical Method,类比法,,2018-03-15
3286443,Analysis of Variance {=ANOVA},变异数分析,,2018-03-15
3286444,Analytical Research,分析性研究,,2018-03-15
3286445,Anomie,迷乱；脱序,,2018-03-15
3286446,Antecedent Variable,前置变数；前置变项,,2018-03-15
3286447,Anti-ageist Practice,反年龄歧视实施,,2018-03-15
3286448,Anti-discrimination Policy,反歧视政策,,2018-03-15
3286449,Anti-discrimination Practice,反歧视实施,,2018-03-15
3286450,Anti-globalization Movement,反全球化运动,,2018-03-15
3286451,Anti-oppression,反压迫,,2018-03-15
3286452,Anti-oppressive Practice,反压迫实施,,2018-03-15
3286453,Anti-poverty Programs,反贫穷方案,,2018-03-15
3286454,Anti-racist Practice,反种族歧视实施,,2018-03-15
3286455,Anti-social Behavior,反社会行为,,2018-03-15
3286456,Anxiety,焦虑,,2018-03-15
3286457,Apartheid,种族隔离,,2018-03-15
3286458,Applied Research,应用研究,,2018-03-15
3286459,Apprenticeship,学徒制；学徒身分,,2018-03-15
3286460,Apprenticeship Approach,学徒式取向,,2018-03-15
3286461,Arbitration,仲裁,,2018-03-15
3286462,Area Development,区域发展,,2018-03-15
3286463,Area Sampling,区域抽样,,2018-03-15
3286464,Arithmetic Mean,算术平均数,,2018-03-15
3286465,Articulation Approach,接合式取向,,2018-03-15
3286466,Assessment,评估；评量,,2018-03-15
3286467,Asylum Seekers,寻求庇护者,,2018-03-15
3286468,Attachment,依附,,2018-03-15
3286469,Attitude Scale,态度量表,,2018-03-15
3286470,Auburm System,奥本制,,2018-03-15
3286471,Authoritarian Group Leadership,权威式团体领导,,2018-03-15
3286472,Authoritarian Leadership,威权领导,,2018-03-15
3286473,Authoritarian Populism,威权民粹主义,,2018-03-15
3286474,Authoritarianism,威权主义,,2018-03-15
3286475,Autism,自闭症,,2018-03-15
3286476,Autokinetic Effect,自动知觉效应,,2018-03-15
3286477,Automatic Enrollment,自动登录,,2018-03-15
3286478,Aversive Techniques,嫌恶技术；厌恶技术,,2018-03-15
3286479,Ayudas de Emergencia Social {=AES},紧急援助{西班牙},,2018-03-15
3286480,Baby boomers,婴儿潮,,2018-03-15
3286481,Babysitter System,保母系统,,2018-03-15
3286482,Barnum Effect,巴纳姆效应,,2018-03-15
3286483,Base Line,基线,,2018-03-15
3286484,Basic Pension,基础年金,,2018-03-15
3286485,Basic State Pension,国家基本年金,,2018-03-15
3286486,Basic Wage,基本工资,,2018-03-15
3286487,Behavioral Modification,行为修正,,2018-03-15
3286488,Behavioral Poverty,行为贫穷,,2018-03-15
3286489,Behavioral Theories,行为理论,,2018-03-15
3286490,Behaviour Effect,行为效应,,2018-03-15
3286491,Beneficiary,受益人,,2018-03-15
3286492,Benefit Right,给付权,,2018-03-15
3286493,Bereavement,伤恸,,2018-03-15
3286494,Best Value,最佳价值,,2018-03-15
3286495,Bias,偏误；偏见,,2018-03-15
3286496,Biofeedback,生物反馈；生物回馈,,2018-03-15
3286497,Bio-psycho-social-spiritual Model,生理心理社会灵性模式,,2018-03-15
3286498,Bipolar Disorder,躁郁症,,2018-03-15
3286499,Births out of Wedlock,非婚生育,,2018-03-15
3286500,Black Perspectives in Social Work,黑人观点的社会工作,,2018-03-15
3286501,Block Placement,全时式实习安排,,2018-03-15
3286502,Blue Cross Association,蓝十字会,,2018-03-15
3286503,Blue Shield Association,篮盾协会,,2018-03-15
3286504,Blue-collar Worker,蓝领工人,,2018-03-15
3286505,Bonding Insurance,保证保险,,2018-03-15
3286506,Guarantee Insurance,保证保险,,2018-03-15
3286507,Borstal System,鲍斯特制,,2018-03-15
3286508,Boycott,杯葛,,2018-03-15
3286509,Brain Storming Method,脑力激荡法,,2018-03-15
3286510,Breast-feeding Break,哺乳时间,,2018-03-15
3286511,Nursing breaks,哺乳时间,,2018-03-15
3286512,British Association of Social Workers,英国社会,,2018-03-15
3286513,Broken Family Service,破碎家庭,,2018-03-15
3286514,Budget Allocation Methodology,预算分配法,,2018-03-15
3286515,Budget Constraints,预算束缚,,2018-03-15
3286516,Bureaucratic Disentitlement,官僚不赋权,,2018-03-15
3286517,Bureaucratic Rationality,官僚理性,,2018-03-15
3286518,Bureaucratic Regulation,科层规制,,2018-03-15
3286519,Bureau-professionalism,官僚专业主义,,2018-03-15
3286520,Burn out,职业倦怠；职业崩熬,,2018-03-15
3286521,Calvinism,喀尔文主义,,2018-03-15
3286522,Capacity Building,能力建立；能量建立,,2018-03-15
3286523,Capital Accumulation,资本累积,,2018-03-15
3286524,Capitalism,资本主义,,2018-03-15
3286525,Capitalization Method,资本化方法,,2018-03-15
3286526,Care Management,照顾管理,,2018-03-15
3286527,Care Services,照顾服务,,2018-03-15
3286528,Care to Dependent Children,失依儿童教养,,2018-03-15
3286529,Career Guidance,生涯辅导,,2018-03-15
3286530,Career Plan,生涯计划,,2018-03-15
3286531,Career Planning,生涯规划,,2018-03-15
3286532,Caretaker Absence,缺位照顾者,,2018-03-15
3286533,Caretaker Incapacity,照顾者能力不足,,2018-03-15
3286534,Carnegie Foundation,卡内基基金会,,2018-03-15
3286535,Carousel Effect,动画效果,,2018-03-15
3286536,Case Advocacy,个案倡导；个案倡议；个案辩护,,2018-03-15
3286537,Case Aide,个案助理,,2018-03-15
3286538,Case Analysis,个案分析,,2018-03-15
3286539,Case Conference,个案研究会,,2018-03-15
3286540,Case History,个案史,,2018-03-15
3286541,Case Investigation,个案调查,,2018-03-15
3286542,Case Load,个案负荷,,2018-03-15
3286543,Case Management,个案管理,,2018-03-15
3286544,Case Record,个案纪录,,2018-03-15
3286545,Case Referral,个案转介,,2018-03-15
3286546,Case Study,个案研究,,2018-03-15
3286547,Case Study Method,个案研究法,,2018-03-15
3286548,Caseworker's Value Aspect,个案工作者的价值观,,2018-03-15
3286549,Cash Benefits,现金给付,,2018-03-15
3286550,Category-based Orientation,类目为基础的取向,,2018-03-15
3286551,Catharsis,宣泄；涤清,,2018-03-15
3286552,Causation,因果关系,,2018-03-15
3286553,Census,普查,,2018-03-15
3286554,Centenarian,百岁人瑞,,2018-03-15
3286555,Central Register System,中央登记制度,,2018-03-15
3286556,Centralization,集中化,,2018-03-15
3286557,Chain Sampling,链式取样,,2018-03-15
3286558,Chamber of Commerce,商会,,2018-03-15
3286559,Chapin Social Status Scale,雪宾社会地位量表,,2018-03-15
3286560,Charity Organization Society {=COS},慈善组织会社,,2018-03-15
3286561,Child Abuse,儿童虐待,,2018-03-15
3286562,Child Advocacy Program,儿童辩护方案；儿童倡议方案,,2018-03-15
3286563,Child Allowance,儿童津贴,,2018-03-15
3286564,Child Care Service,儿童照顾服务,,2018-03-15
3286565,Child Delinquency,儿童犯罪,,2018-03-15
3286566,Child Development,儿童发展,,2018-03-15
3286567,Child Guardian Right,儿童监护权,,2018-03-15
3286568,Child Guidance,儿童辅导,,2018-03-15
3286569,Child Guidance Center,儿童辅导中心,,2018-03-15
3286570,Child Labor,童工,,2018-03-15
3286571,Child Maltreatment,儿童不当对待,,2018-03-15
3286572,Child Neglect,儿童疏忽,,2018-03-15
3286573,Child Placement,儿童安置,,2018-03-15
3286574,Child Prostitution,童妓,,2018-03-15
3286575,Child Protection Service {=CPS},儿童保护服务,,2018-03-15
3286576,Child- raising Allowance,儿童养育津贴,,2018-03-15
3286577,Child Welfare,儿童福利,,2018-03-15
3286578,Child Welfare Worker,儿童福利工作人员,,2018-03-15
3286579,Children Mental Health Center,儿童心理卫生中心,,2018-03-15
3286580,Children with Disabilities,身心障碍儿童,,2018-03-15
3286581,Children with Emotional Disturbance,情绪障碍儿童；情绪困扰儿童,,2018-03-15
3286582,Children's Day,儿童节,,2018-03-15
3286583,Children's Home,儿童之家,,2018-03-15
3286584,Chronic Offender,慢性犯罪者,,2018-03-15
3286585,Chronicisation Effect,长期依赖效应,,2018-03-15
3286586,Cincinnati Social Experiment District,辛辛那提实验区,,2018-03-15
3286587,Citizen Hall {Japan},公民馆 {日本},,2018-03-15
3286588,Citizen Participation,市民参与,,2018-03-15
3286589,Civic Engagement,公民参与,,2018-03-15
3286590,Civil List Pensions,皇室服务人员年金,,2018-03-15
3286591,Civil Society,公民社会,,2018-03-15
3286592,Client,案主,,2018-03-15
3286593,Client Research,临床研究,,2018-03-15
3286594,Client-centered Theory,案主中心理论,,2018-03-15
3286595,Client-centered Therapy,案主中心治疗,,2018-03-15
3286596,Climate Refugees,气候难民；气候变迁难民,,2018-03-15
3286597,Climate Change Refugees,气候难民；气候变迁难民,,2018-03-15
3286598,Clinical Entrepreneurs,临床产业,,2018-03-15
3286599,Clinical Social Work,临床社会工作,,2018-03-15
3286600,Closed Group,封闭式团体,,2018-03-15
3286601,Closed-end Grants,封闭式补助,,2018-03-15
3286602,Cluster Analysis,群聚分析,,2018-03-15
3286603,Cluster Sampling,群聚抽样,,2018-03-15
3286604,Code Book,编码簿,,2018-03-15
3286605,Coding,编码,,2018-03-15
3286606,Coercive Power,强制权,,2018-03-15
3286607,Cognitive Casework,认知个案工作,,2018-03-15
3286608,Cognitive Disabilities,认知障碍,,2018-03-15
3286609,Cognitive-behavioral Theories,认知行为理论,,2018-03-15
3286610,Cohort Fertility Rate,世代生育率,,2018-03-15
3286611,Co-leadership,协同领导,,2018-03-15
3286612,Collective Solidarity,集体团结,,2018-03-15
3286613,Collectivism,集体主义,,2018-03-15
3286614,Colonialism,殖民主义,,2018-03-15
3286615,Coming Out,出柜,,2018-03-15
3286616,Commercialization,商业化,,2018-03-15
3286617,Commodification,商品化,,2018-03-15
3286618,Commodification of Services,服务商品化,,2018-03-15
3286619,Communication,沟通,,2018-03-15
3286620,Communication Channels,沟通管道,,2018-03-15
3286621,Communication Theory,沟通理论,,2018-03-15
3286622,Communitarianism,社群主义,,2018-03-15
3286623,Community,社区,,2018-03-15
3286624,Community Action,社区行动,,2018-03-15
3286625,Community Action Agencies,社区行动机构,,2018-03-15
3286626,Community Action Program,社区行动方案,,2018-03-15
3286627,Community Action Study,社区行动研究,,2018-03-15
3286628,Community Assets,社区资产,,2018-03-15
3286629,Community Betterment Movement,邻里改善计划,,2018-03-15
3286630,Community Bound,社区范围,,2018-03-15
3286631,Community Care,社区照顾,,2018-03-15
3286632,Community Center,社区中心,,2018-03-15
3286633,Community Chest,社区基金,,2018-03-15
3286634,Community Control,社区控制,,2018-03-15
3286635,Community Cooperative Society,社区合作社,,2018-03-15
3286636,Community Development,社区发展,,2018-03-15
3286637,Community Development Approach: Direct or Program-oriented,社区发展推行途径：直接法或方案取向,,2018-03-15
3286638,Community Development Approach: Indirect or Process-oriented,社区发展推行途径：间接法或方案取向,,2018-03-15
3286639,Community Development Foundation,社区发展基金会,,2018-03-15
3286640,Community Development Model,社区发展模式,,2018-03-15
3286641,Community Development Process,社区发展过程,,2018-03-15
3286642,Community Education,社区教育,,2018-03-15
3286643,Community Empowerment,社区充权；社区培力；社区赋权,,2018-03-15
3286644,Community Feeling,社区情谊,,2018-03-15
3286645,Community Function,社区功能,,2018-03-15
3286646,Community Horizontal Relationship or Internal System,社区中横的关系或内部系统,,2018-03-15
3286647,Community Intervention,社区介入,,2018-03-15
3286648,Community Leadership,社区领导,,2018-03-15
3286649,Community Mental Health Center,社区心理卫生中心,,2018-03-15
3286650,Community Organization,社区组织,,2018-03-15
3286651,Community Planning,社区计划,,2018-03-15
3286652,Community Power Structure,社区权力结构,,2018-03-15
3286653,Community Resilience,社区复原力；社区韧性；社区韧力,,2018-03-15
3286654,Community Resources,社区资源,,2018-03-15
3286655,Community School,社区学校,,2018-03-15
3286656,Community Service,社区服务,,2018-03-15
3286657,Community Study Method,社区研究法,,2018-03-15
3286658,Community Vertical Relationship or External System,社区中纵的关系或外部系统,,2018-03-15
3286659,Community Welfare Service,社区福利服务,,2018-03-15
3286660,Community Work,社区工作,,2018-03-15
3286661,Community Workers,社区工作者,,2018-03-15
3286662,Community-based Employment Service,社区化就业服务,,2018-03-15
3286663,Community-based Practice,社区为基础的实施,,2018-03-15
3286664,Community-based Service,社区为基础的服务,,2018-03-15
3286665,Community-based Treatment,社区处遇,,2018-03-15
3286666,Commutation,减刑,,2018-03-15
3286667,Comparative Method,比较法,,2018-03-15
3286668,Comparative Social Policy,比较社会政策,,2018-03-15
3286669,Compensation,补偿作用,,2018-03-15
3286670,Competence-based Social Work,知能为基础的社会工作,,2018-03-15
3286671,Complementary Pattern,互补模式,,2018-03-15
3286672,Complementary Pension Scheme,补充年金制度,,2018-03-15
3286673,Comprehensive Health Care,完整的健康照顾,,2018-03-15
3286674,Compression of Morbidity,疾病压缩理论,,2018-03-15
3286675,Compromised Integration,妥协的整合；妥协的融入,,2018-03-15
3286676,Compulsory Eradication,禁戒处分,,2018-03-15
3286677,Compulsory Insurance,强制保险,,2018-03-15
3286678,Compulsory Labor,强制劳动,,2018-03-15
3286679,Compulsory Medical Treatment,强制治疗,,2018-03-15
3286680,Computer-assisted Telephone Interview,电脑辅助电话访问,,2018-03-15
3286681,Conceptualization,概念化,,2018-03-15
3286682,Conciliation,调停；调解,,2018-03-15
3286683,Concurrent Placement,并行式实习安置,,2018-03-15
3286684,Condensed Record,精简个案纪录,,2018-03-15
3286685,Confidence Interval {=CI},信赖区间,,2018-03-15
3286686,Confidentiality,保密,,2018-03-15
3286687,Confirming Cases,确证性个案,,2018-03-15
3286688,Conflict Resolution,冲突解决,,2018-03-15
3286689,Confrontation,面质,,2018-03-15
3286690,Congregate Housing,集合住宅,,2018-03-15
3286691,Congregate Meal Program,定点共餐方案；定点共食方案,,2018-03-15
3286692,Consciousness-raising,意识觉醒,,2018-03-15
3286693,Consensus,共识,,2018-03-15
3286694,Conservatism,保守主义,,2018-03-15
3286695,Constitution of International Labor Organization,国际劳工组织宪章,,2018-03-15
3286696,Constitution of Women's Rights,女权宪章,,2018-03-15
3286697,Constructive Typology,构造类型,,2018-03-15
3286698,Consultation,咨询,,2018-03-15
3286699,Consumer Empowerment Period,消费者充权时期,,2018-03-15
3286700,Consumer-oriented Approach,消费者导向途径,,2018-03-15
3286701,Content Analysis,内容分析法,,2018-03-15
3286702,Contextual Therapy,脉络治疗,,2018-03-15
3286703,Contingency {social insurance},保险事故{社会保险},,2018-03-15
3286704,Contract,契约,,2018-03-15
3286705,Contracting-out,委托契约外包,,2018-03-15
3286706,Contribution {social insurance},保险费{社会保险},,2018-03-15
3286707,Contribution Rate,保险费率,,2018-03-15
3286708,Contributory Benefits,缴保费的给付,,2018-03-15
3286709,Contributory Pension Scheme,提拨年金制,,2018-03-15
3286710,Controlled Experiment,控制实验,,2018-03-15
3286711,Controlled Observation,控制观察,,2018-03-15
3286712,Convenience Sampling,便利性抽样,,2018-03-15
3286713,Convention on the Elimination of All Forms of Discrimination Against Women,消除对妇女一切形式歧视公约,,2018-03-15
3286714,Convention on the Rights of the Child,儿童权利公约,,2018-03-15
3286715,Conventional Foster Homes,传统寄养家庭,,2018-03-15
3286716,Convergence Theory,聚合理论,,2018-03-15
3286717,Cooperative Enterprise,合作事业,,2018-03-15
3286718,Cooperative Farms,合作农场,,2018-03-15
3286719,Cooperative Housing Societies,合作式住宅会社,,2018-03-15
3286720,Cooperative Society,合作社,,2018-03-15
3286721,Coping Skill,因应技巧,,2018-03-15
3286722,Coping Strategies,因应策略,,2018-03-15
3286723,Co-production of Knowledge,知识共创,,2018-03-15
3286724,Corporate Social Responsibility,企业社会责任,,2018-03-15
3286725,Correctional Social Work,矫正社会工作,,2018-03-15
3286726,Correlation,相关,,2018-03-15
3286727,Cost Sharing,部分费用负担,,2018-03-15
3286728,Cost-benefit Analysis,成本效益分析,,2018-03-15
3286729,Cost-effectiveness Analysis,成本效果分析,,2018-03-15
3286730,Cottage Plan,小单位机构照顾,,2018-03-15
3286731,Council of Social Agencies,社会机构委员会,,2018-03-15
3286732,Counseling,咨商,,2018-03-15
3286733,Counter-transference Reaction,反转移作用,,2018-03-15
3286734,Couple Therapy,伴侣治疗,,2018-03-15
3286735,Covert Victimization,隐匿受害,,2018-03-15
3286736,Credibility,可信度,,2018-03-15
3286737,Credit Union {Germany},信用合作社{德国},,2018-03-15
3286738,Credit Union Movement,信用合作运动,,2018-03-15
3286739,Crime,犯罪,,2018-03-15
3286740,Criminal Correction,刑事矫治,,2018-03-15
3286741,Criminal Economy,犯罪经济,,2018-03-15
3286742,Criminal Policy,刑事政策,,2018-03-15
3286743,Criminology,犯罪学,,2018-03-15
3286744,Crisis Intervention {=CI},危机介入,,2018-03-15
3286745,Crisis of Welfare State,福利国家危机,,2018-03-15
3286746,Critical Multiculturalism,批判多元文化主义,,2018-03-15
3286747,Critical Rationalism,批判理性主义,,2018-03-15
3286748,Critical Reflection,批判反思,,2018-03-15
3286749,Critical Reflexive Practitioner,批判反身性实务工作者,,2018-03-15
3286750,Critical Social Policy,批判社会政策,,2018-03-15
3286751,Critical Social Work,批判社会工作,,2018-03-15
3286752,Critical Thinking,批判的思考,,2018-03-15
3286753,Cross Cultural,跨文化,,2018-03-15
3286754,Cross Tabulation,交叉表,,2018-03-15
3286755,Cross-Sectional Approach,横断研究法,,2018-03-15
3286756,Culturagram,文化图,,2018-03-15
3286757,Cultural Awareness,文化觉察,,2018-03-15
3286758,Cultural Conservatism,文化保守主义,,2018-03-15
3286759,Cultural Diversity,文化多样性,,2018-03-15
3286760,Cultural of Poverty {=COP},贫穷文化,,2018-03-15
3286761,Culture of Poverty,贫穷文化,,2018-03-15
3286762,Curriculum Policy Statement {CSWE},课程政策说明{CSWE},,2018-03-15
3286763,Curve of Normal Distribution,常态分配曲线,,2018-03-15
3286764,Custody,亲权,,2018-03-15
3286765,Custody and Protection,监护处分,,2018-03-15
3286766,Cyber Bullying,网路欺凌；网路霸凌,,2018-03-15
3286767,Cyclical Sensitivity,周期性敏感,,2018-03-15
3286768,Cyclical Unemployment,循环性失业,,2018-03-15
3286769,Dar Care Center,日间照顾中心,,2018-03-15
3286770,Database System,资料库系统,,2018-03-15
3286771,Day Care,日间照顾,,2018-03-15
3286772,Day Care for Infant,日间托婴,,2018-03-15
3286773,De Facto Policy,现状政策,,2018-03-15
3286774,Death Benefit,死亡给付,,2018-03-15
3286775,Decentralization,分散化；分权化,,2018-03-15
3286776,Declaration for Rights of Mental Retardation,智能障碍者权利宣言,,2018-03-15
3286777,Declaration of Rights of the Child,儿童权力宣言,,2018-03-15
3286778,Declaration of Social Development,社会发展宣言,,2018-03-15
3286779,Declaration on Social Progress and Development,社会进步及发展宣言,,2018-03-15
3286780,Decommodification,去商品化,,2018-03-15
3286781,Decriminalization,除罪化,,2018-03-15
3286782,Deductible,自负额,,2018-03-15
3286783,Deductive Method,演绎法,,2018-03-15
3286784,Deep Ecology,深度生态学；深层生态学,,2018-03-15
3286785,Defamilisation,去家庭化,,2018-03-15
3286786,"Defined Benefit Plan, Defined Benefit Scheme",确定给付制,,2018-03-15
3286787,"Defined Contribution Plan, Defined Contribution Pension",确定提拨制,,2018-03-15
3286788,Deinstitutionalization,去机构化,,2018-03-15
3286789,Delinquency Areas,少年犯罪区域,,2018-03-15
3286790,DELPHI Technique,得尔法技术；德菲技术,,2018-03-15
3286791,Democratic Capitalism,民主资本主义,,2018-03-15
3286792,Democratic Group Leadership,民主的团体领导,,2018-03-15
3286793,Democratic Socialism,民主社会主义,,2018-03-15
3286794,Demographic Composition,人口组成,,2018-03-15
3286795,Denial,否定,,2018-03-15
3286796,Dependence Period,依赖期,,2018-03-15
3286797,Dependent Variable,依变项,,2018-03-15
3286798,Depression,压抑；忧郁,,2018-03-15
3286799,Descriptive Research,描述性研究,,2018-03-15
3286800,Detention Home,看守所,,2018-03-15
3286801,Developmental Disabilities,发展障碍,,2018-03-15
3286802,Developmental Research,发展研究法,,2018-03-15
3286803,Developmental Tasks,发展任务,,2018-03-15
3286804,Deviance Behavior Theory,偏差行为理论,,2018-03-15
3286805,Deviant Behavior,偏差行为,,2018-03-15
3286806,Diagnosis,诊断,,2018-03-15
3286807,Diagnosis of Disability,身心障碍诊断,,2018-03-15
3286808,Diagnostic and Statistical Manual of Mental Disorder,精神疾病诊断与统计手册,,2018-03-15
3286809,Diagnostic Related Groups {=DRGs},诊断关联群,,2018-03-15
3286810,Dictionary of Occupational Titles,职业分类典,,2018-03-15
3286811,Differential Reinforcement,区别增强,,2018-03-15
3286812,Differential Scale,区别量表,,2018-03-15
3286813,Direct Action,直接行动,,2018-03-15
3286814,Direct-service Agency,直接服务机构,,2018-03-15
3286815,Disability Benefit,身心障碍者给付,,2018-03-15
3286816,Disability Movement,身心障碍运动,,2018-03-15
3286817,Disability Reform Package {Australia},身心障碍改革配套方案{澳洲},,2018-03-15
3286818,Disability Surveys,身心障碍调查,,2018-03-15
3286819,Disablism,障碍歧视,,2018-03-15
3286820,Disaster,灾难；灾害,,2018-03-15
3286821,Disaster Preparedness,灾难整备；备灾,,2018-03-15
3286822,Discharge Planning,出院准备服务,,2018-03-15
3286823,Disconfirming Cases,否证性个案,,2018-03-15
3286824,Discourse Analysis,论述分析,,2018-03-15
3286825,Discretionary Power,裁量权,,2018-03-15
3286826,Discrimination,歧视,,2018-03-15
3286827,Disempowerment,消权,,2018-03-15
3286828,Disguised Unemployment,隐藏性失业,,2018-03-15
3286829,Disqualified Integration,放弃资格的整合；放弃资格的融入,,2018-03-15
3286830,Domestic Violence,家庭暴力,,2018-03-15
3286831,Family Violence,家庭暴力,,2018-03-15
3286832,Dominant Group,强势团体；主导团体,,2018-03-15
3286833,Double Blind,双盲,,2018-03-15
3286834,Downward Mobility,向下流动,,2018-03-15
3286835,Dropout Students,中辍生,,2018-03-15
3286836,Drug Abuse,药物滥用,,2018-03-15
3286837,Drug Addiction,药物成瘾,,2018-03-15
3286838,Dual Labor Markets,双元劳动市场,,2018-03-15
3286839,Dual-career Family,双职涯家庭,,2018-03-15
3286840,Dual-earner Model,双薪模式,,2018-03-15
3286841,Dummy Variable,虚拟变项,,2018-03-15
3286842,Dynamic Casework,动力个案工作,,2018-03-15
3286843,Dynamic Fertility Modelling,动态生育率模式,,2018-03-15
3286844,Dysfunction,失功能,,2018-03-15
3286845,Dyslexia,阅读障碍,,2018-03-15
3286846,Dyssocial Behavior,非社会行为,,2018-03-15
3286847,Early Intervention,早期疗育,,2018-03-15
3286848,Earnings-related Pension System,薪资相关年金制,,2018-03-15
3286849,Ecclesiastical Pensions,神职人员年金,,2018-03-15
3286850,Eclectic Approach Casework,折衷学派个案工作,,2018-03-15
3286851,Eclecticism,折衷主义,,2018-03-15
3286852,Ecofeminism,生态女性主义,,2018-03-15
3286853,Ecological Approach,生态观点,,2018-03-15
3286854,Ecological Fallacy,生态谬误,,2018-03-15
3286855,Ecological Justice,生态正义,,2018-03-15
3286856,Ecological Rationality,生态理性,,2018-03-15
3286857,Ecological Social Work,生态社会工作,,2018-03-15
3286858,Ecological System Theory,生态系统理论,,2018-03-15
3286859,Ecomaps,生态图,,2018-03-15
3286860,Economic Development,经济发展,,2018-03-15
3286861,Economic Feasibility,经济可行性,,2018-03-15
3286862,Economic Opportunity Act of 1964 {U.S.A.},经济机会法{美国},,2018-03-15
3286863,Ecosystems Theory,生态系统理论,,2018-03-15
3286864,Educational Guidance,教育辅导,,2018-03-15
3286865,Educational Leave,带职进修,,2018-03-15
3286866,Educational Priority Area,教育优先区,,2018-03-15
3286867,Egalitarian Partnerships,平等伙伴关系,,2018-03-15
3286868,Ego Defense Mechanism,自我防卫机转；自我防卫机制,,2018-03-15
3286869,Ego Function,自我功能,,2018-03-15
3286870,Ego Psychology,自我心理学,,2018-03-15
3286871,Egocentrism,自我中心主义,,2018-03-15
3286872,Elberfeld System,爱尔伯福制度,,2018-03-15
3286873,Elder Protection Service,老人保护服务,,2018-03-15
3286874,Electra Complex,恋父情结,,2018-03-15
3286875,Electronic Monitoring,电子监控,,2018-03-15
3286876,Eligibility Rules,合格规定,,2018-03-15
3286877,Elitism,菁英主义,,2018-03-15
3286878,Emancipation,解放,,2018-03-15
3286879,Emancipatory School of Social Work,解放学派的社会工作,,2018-03-15
3286880,Emergency Relief,紧急救援,,2018-03-15
3286881,Emergency Relief System,紧急救援系统,,2018-03-15
3286882,Emergent Leader,自生领导者,,2018-03-15
3286883,Emotional Abuse,情绪虐待,,2018-03-15
3286884,Emotional Labor,情绪劳动,,2018-03-15
3286885,Emotional Maltreatment,情绪不当对待,,2018-03-15
3286886,Emotional Neglect,情绪疏忽,,2018-03-15
3286887,Emotional Support,情绪支持,,2018-03-15
3286888,Empathy,同理心,,2018-03-15
3286889,Empiricism,经验主义,,2018-03-15
3286890,Employee Assistance Plans {=EAPs},员工协助计划,,2018-03-15
3286891,Employee Ownership Programs,员工持股方案,,2018-03-15
3286892,Employee Stock Option Plans,员工选择持股计划,,2018-03-15
3286893,Employee Welfare,职工福利,,2018-03-15
3286894,Employers-employee Relations,劳雇关系,,2018-03-15
3286895,Employment Contract,劳动契约,,2018-03-15
3286896,Employment Counseling,就业咨商,,2018-03-15
3286897,Employment Discrimination,就业歧视,,2018-03-15
3286898,Employment Exchange,职业交换,,2018-03-15
3286899,Employment Injury Insurance,职业灾害保险,,2018-03-15
3286900,Employment Promotion Allowance,就业促进津贴,,2018-03-15
3286901,Employment Security,就业安全,,2018-03-15
3286902,Employment Service,就业服务,,2018-03-15
3286903,Employment Service Center,就业服务中心,,2018-03-15
3286904,Employment Services Act,就业服务法,,2018-03-15
3286905,Employment Services for the Veterans,退除役官兵辅导就业,,2018-03-15
3286906,Employment Stability Fund,就业安定基金,,2018-03-15
3286907,Empowerment,充权、培力、赋权,,2018-03-15
3286908,Empowerment Zones,充权圈,,2018-03-15
3286909,Encyclopedia of Social Work,社会工作百科全书,,2018-03-15
3286910,Endogeneity,内生性,,2018-03-15
3286911,Enterprise Communities,企业社群,,2018-03-15
3286912,Environmental Justice,环境正义,,2018-03-15
3286913,Environmental Modification,环境改善,,2018-03-15
3286914,Environmental Racism,环境种族主义,,2018-03-15
3286915,Environmental Refugees,环境难民,,2018-03-15
3286916,Environmental Rights,环境权,,2018-03-15
3286917,Environmental Social Work,环境社会工作,,2018-03-15
3286918,Epistemology,认识论,,2018-03-15
3286919,Equal Employment Opportunity Commission,平等就业机会委员会,,2018-03-15
3286920,Equal Opportunity,机会平等；机会均等,,2018-03-15
3286921,Equal Pay for Equal Work,同工同酬,,2018-03-15
3286922,Equalitarianism,平等主义,,2018-03-15
3286923,Equivalency Scales,等值[量]表,,2018-03-15
3286924,Equivalence Scales,等值[量]表,,2018-03-15
3286925,Erik Erikson’s Theory,艾瑞克森理论,,2018-03-15
3286926,Error,误差,,2018-03-15
3286927,Essentialism,本质论,,2018-03-15
3286928,Ethical Dilemmas,伦理两难,,2018-03-15
3286929,Ethical Pluralism,伦理多元论,,2018-03-15
3286930,Ethics of Social Work,社会工作伦理,,2018-03-15
3286931,Ethnic Minorities,少数民族,,2018-03-15
3286932,Ethnocentrism,民族中心主义；民族优越感,,2018-03-15
3286933,Ethnography,民族志研究法,,2018-03-15
3286934,Ethnomethodology,俗民方法学；俗民方法论,,2018-03-15
3286935,European Code of Social Security,欧洲社会安全法典,,2018-03-15
3286936,European Social Charter,欧洲社会宪章,,2018-03-15
3286937,Evaluation Research,评鉴研究法,,2018-03-15
3286938,Evidence-based Practice {=EBP},证据为基础的实务,,2018-03-15
3286939,Evidence-informed Practice {=EIP},证据为参考的实务,,2018-03-15
3286940,Exit Probability,退出机率,,2018-03-15
3286941,Experience Rating,经验费率,,2018-03-15
3286942,Experimental Method,实验法,,2018-03-15
3286943,Explanatory Research,解释性研究,,2018-03-15
3286944,Exploratory Research,探索性研究,,2018-03-15
3286945,Ex-post-facto Experiment Design,事后回溯实验设计,,2018-03-15
3286946,Expressed Need,表达需求,,2018-03-15
3286947,Extended Family,扩大家庭,,2018-03-15
3286948,Extreme or Deviant Case Sampling,极端或异常个案取样,,2018-03-15
3286949,Fabian Society,费边社,,2018-03-15
3286950,Fabianism,费边主义,,2018-03-15
3286951,Factor Analysis,因素分析,,2018-03-15
3286952,Factory Act,工厂法,,2018-03-15
3286953,False Dilemmas,虚假两难,,2018-03-15
3286954,Familisation,家庭化,,2018-03-15
3286955,Family Allowance,家庭津贴,,2018-03-15
3286956,Family Assessment,家庭评估,,2018-03-15
3286957,Family Carer,家庭照顾者,,2018-03-15
3286958,Family Continuity,家庭连续性,,2018-03-15
3286959,Family Counseling,家庭咨商,,2018-03-15
3286960,Family Court,家庭法庭,,2018-03-15
3286961,Family Crisis Therapy,家庭危机治疗,,2018-03-15
3286962,Family Day Care,家庭日间照顾,,2018-03-15
3286963,Family Disorganization or Family Destruction,家庭解组；家庭破裂,,2018-03-15
3286964,Family Guardian,家庭监护人,,2018-03-15
3286965,Family History,家庭史,,2018-03-15
3286966,Family Homeostasis,家庭衡定,,2018-03-15
3286967,Family Instability,家庭不稳定,,2018-03-15
3286968,Family Life Education,家庭生活教育,,2018-03-15
3286969,Family Life-cycle,家庭生命周期,,2018-03-15
3286970,Family Map,家系图,,2018-03-15
3286971,Family Planning,家庭计划,,2018-03-15
3286972,Family Policy,家庭政策,,2018-03-15
3286973,Family Preservation Program,家庭维系方案,,2018-03-15
3286974,Family Psychodynamics,家庭精神动力,,2018-03-15
3286975,Family Reconstruction,家庭重塑,,2018-03-15
3286976,Family Reunification,家庭重聚,,2018-03-15
3286977,Family Services,家庭服务,,2018-03-15
3286978,Family Solidarity; Kin Solidarity,家庭团结；亲族团结,,2018-03-15
3286979,Family Sponsorship System,家庭认养制度,,2018-03-15
3286980,Family System,家族系统,,2018-03-15
3286981,Family System Therapy,家族系统治疗,,2018-03-15
3286982,Family Therapy,家庭治疗,,2018-03-15
3286983,Farmers’ Association,农会,,2018-03-15
3286984,Farmers’ Insurance,农民健康保险,,2018-03-15
3286985,Fatalism,宿命论,,2018-03-15
3286986,Fatherhood,父职,,2018-03-15
3286987,Federalism,联邦主义,,2018-03-15
3286988,Fee-for-service,付费服务,,2018-03-15
3286989,Fee-for-service System,服务使用者付费制度,,2018-03-15
3286990,Felt Needs,感觉需求,,2018-03-15
3286991,Female-headed Families,女性户长家庭,,2018-03-15
3286992,Feminism,女性主义,,2018-03-15
3286993,Feminist Social Work,女性主义社会工作,,2018-03-15
3286994,Feminization of Poverty,贫穷女性化,,2018-03-15
3286995,Field Experiment,实地实验,,2018-03-15
3286996,Field Supervision,实习督导,,2018-03-15
3286997,Field Survey,实地调查,,2018-03-15
3286998,Field Work {Social Work},社会工作实习,,2018-03-15
3286999,Fiscal Welfare,财税福利,,2018-03-15
3287000,Fisherperson’s Association,渔会,,2018-03-15
3287001,Flat Benefit,均等给付,,2018-03-15
3287002,Flat Rate System,均等收费制,,2018-03-15
3287003,Flexible Employment,弹性就业,,2018-03-15
3287004,Flexible Retirement Age,弹性退休年龄,,2018-03-15
3287005,Flexible Work Schedule,弹性工作时间,,2018-03-15
3287006,Flexicurity,弹性安全,,2018-03-15
3287007,Flowchart,流程图,,2018-03-15
3287008,Focus Group,焦点团体,,2018-03-15
3287009,Folk Medicine,民俗疗法；民俗医疗,,2018-03-15
3287010,Follow Up,追踪,,2018-03-15
3287011,Food and Agricultural Organization,世界农粮组织,,2018-03-15
3287012,Food Stamp Program {U.S.A.},食物券方案{美国},,2018-03-15
3287013,Forced Mobility,强迫流动,,2018-03-15
3287014,Foreigner Workers,外籍劳工,,2018-03-15
3287015,Formed Group,组成团体,,2018-03-15
3287016,Foster Care,寄养照顾,,2018-03-15
3287017,Foster Care Information System {=FCIS},寄养照顾资讯系统,,2018-03-15
3287018,Foster Family Care,家庭寄养,,2018-03-15
3287019,Foster Grandparents Program,寄养祖父母方案,,2018-03-15
3287020,Foster Parents,寄养父母,,2018-03-15
3287021,Fragmentation,破碎化；片段化,,2018-03-15
3287022,Framing,参考架构,,2018-03-15
3287023,Free Association,自由联想,,2018-03-15
3287024,Frictional Unemployment,摩擦性失业,,2018-03-15
3287025,Friendly Visitors,友善访问员,,2018-03-15
3287026,Frozen Occupational Pension,冻结职业年金,,2018-03-15
3287027,Frozen State Pension,冻结国家年金,,2018-03-15
3287028,Fuel Poverty,燃料贫穷,,2018-03-15
3287029,Full Employment,充分就业,,2018-03-15
3287030,Full Pension,全额年金,,2018-03-15
3287031,Fully Funded,完全准备基金,,2018-03-15
3287032,Functional Approach,功能学派,,2018-03-15
3287033,Functional Casework,功能派个案工作,,2018-03-15
3287034,Functional Community,功能社区,,2018-03-15
3287035,Functional Equilibrium,功能平衡,,2018-03-15
3287036,Fundamentalism,基本教义主义,,2018-03-15
3287037,Funded Unapproved Retirement Benefit Schemes {=FURBS},基金准备但未核准退休给付制,,2018-03-15
3287038,Gambler’s Fallacy,赌徒谬误,,2018-03-15
3287039,Gatekeeper Role,守门员角色,,2018-03-15
3287040,Gender Equality,性别平等,,2018-03-15
3287041,Gender Mainstreaming,性别主流化,,2018-03-15
3287042,Gender Regime Clusters,性别体制群组,,2018-03-15
3287043,Gendered Power Relations,性别权力关系,,2018-03-15
3287044,Generalist Social Work,综融社会工作,,2018-03-15
3287045,Generalization,通则化；推论化,,2018-03-15
3287046,Generation Gap,代沟,,2018-03-15
3287047,Generational Dysfunction,代间失功能,,2018-03-15
3287048,Generic Social Work,综融社会工作,,2018-03-15
3287049,Generosity effect,慷慨效应,,2018-03-15
3287050,Genogram,族谱图,,2018-03-15
3287051,Gentrification,仕绅化,,2018-03-15
3287052,Geographic Community,地理社区,,2018-03-15
3287053,Geriatric Depression Scale,老人忧郁量表,,2018-03-15
3287054,Gerontology,老人学,,2018-03-15
3287055,Gestalt Therapy,完形治疗,,2018-03-15
3287056,Gini Coefficient,吉尼系数,,2018-03-15
3287057,Glass Ceiling,玻璃天花板,,2018-03-15
3287058,Global Budgeting,总额预算制,,2018-03-15
3287059,Globalization,全球化,,2018-03-15
3287060,Government Failures,政府失灵,,2018-03-15
3287061,Graying Labor Force,银发劳动,,2018-03-15
3287062,Great Depression,大萧条；大恐慌,,2018-03-15
3287063,Great Society,大社会,,2018-03-15
3287064,Green House Project,绿建筑专案,,2018-03-15
3287065,Green Social Work,绿社工,,2018-03-15
3287066,Greensim,绿色主义,,2018-03-15
3287067,Grief Counseling,悲伤辅导,,2018-03-15
3287068,Gross Domestic Product {=GDP},国内生产毛额,,2018-03-15
3287069,Gross National Product {=GDP},国民生产毛额,,2018-03-15
3287070,Gross National Welfare,国民福利总额,,2018-03-15
3287071,Grounded Theory,扎根理论,,2018-03-15
3287072,Group Assessment,团体评估,,2018-03-15
3287073,Group Atmosphere,团体气氛,,2018-03-15
3287074,Group Care,团体照顾,,2018-03-15
3287075,Group Cohesiveness,团体凝聚力,,2018-03-15
3287076,Group Contract,团体契约,,2018-03-15
3287077,Group Counseling,团体咨商,,2018-03-15
3287078,Group Decision-making,团体决策,,2018-03-15
3287079,Group Development Stages,团体发展阶段,,2018-03-15
3287080,Group Dynamics,团体动力,,2018-03-15
3287081,Group Facilitating Skills,团体催化技巧,,2018-03-15
3287082,Group Goals,团体目标,,2018-03-15
3287083,Group Guidance,团体辅导,,2018-03-15
3287084,Group Home,团体家屋,,2018-03-15
3287085,Group Identification,团体认同,,2018-03-15
3287086,Group Insurance,团体保险,,2018-03-15
3287087,Group Norms,团体规范,,2018-03-15
3287088,Group Personal Pensions,团体私人年金,,2018-03-15
3287089,Group Supervision,团体督导,,2018-03-15
3287090,Group Therapy,团体治疗,,2018-03-15
3287091,Group Work Models,团体工作模型,,2018-03-15
3287092,Guaranteed Minimum Income,保证最低所得；保证基本收入,,2018-03-15
3287093,Guaranteed Pension ,保证年金,,2018-03-15
3287094,Guaranteed Retirement Benefit,保证退休给付,,2018-03-15
3287095,Guardianship,监护,,2018-03-15
3287096,Guidance,辅导,,2018-03-15
3287097,Guild,基尔特{行会}；工匠组织,,2018-03-15
3287098,Habitual Behavior,习惯行为,,2018-03-15
3287099,Half-way House,中途之家,,2018-03-15
3287100,Half-way School,中途学校,,2018-03-15
3287101,Halo Effect,光环效应,,2018-03-15
3287102,Hamburg System,汉堡制,,2018-03-15
3287103,Harmony Movement of Japan,同和运动{日本},,2018-03-15
3287104,Hawthorne Effect,霍桑效应,,2018-03-15
3287105,Hazard Function,危害函数,,2018-03-15
3287106,Hazard Rate Models,危害率模型,,2018-03-15
3287107,Head Start Program,迎头赶上计划,,2018-03-15
3287108,Headcount Data,点人头数据,,2018-03-15
3287109,Head-office of Relief and Reconstruction of the United Nations,联合国善后救济总署,,2018-03-15
3287110,Health Care Industry,健康照顾产业,,2018-03-15
3287111,Health Insurance,健康保险,,2018-03-15
3287112,Health Maintenance Organization,健康维护组织,,2018-03-15
3287113,Healthy Life Expectancy {=HALE},健康平均余命,,2018-03-15
3287114,Hegemonic Discourses,霸权论述,,2018-03-15
3287115,Hegemonic Relations,霸权关系,,2018-03-15
3287116,Hello-good-bye Effect,前恭后敬效应,,2018-03-15
3287117,Helping Professions,助人专业,,2018-03-15
3287118,Heterogeneity Group,异质团体,,2018-03-15
3287119,Heterosexism,异性恋主义,,2018-03-15
3287120,Heterosexuality,异性恋,,2018-03-15
3287121,Hilfe in besonderen Lebenslagen,特殊生活困境扶助{德国},,2018-03-15
3287122,Hilfe zum Lebensunterhalt,维持生计扶助{德国},,2018-03-15
3287123,Historical Research,历史研究法,,2018-03-15
3287124,Holistic Disaster Intervention,整体灾难介入；整体灾害介入,,2018-03-15
3287125,Holistic Model of Social Work Practice,社会工作实务的全面模式,,2018-03-15
3287126,Home Care,居家照顾,,2018-03-15
3287127,Home Mortgage Insurance,住宅贷款保险,,2018-03-15
3287128,Home Repair Program,居家修缮计划,,2018-03-15
3287129,Home Visit,家庭访视,,2018-03-15
3287130,Home-delivered Meals,送餐到家,,2018-03-15
3287131,Homelessness,无家可归,,2018-03-15
3287132,Homemaker Service,家事服务,,2018-03-15
3287133,Homeostasis,恒定,,2018-03-15
3287134,Homogeneity Group,同质团体,,2018-03-15
3287135,Homogeneous Sampling,同质性抽样,,2018-03-15
3287136,Homophobia,恐同症,,2018-03-15
3287137,Homosexuality,同性恋,,2018-03-15
3287138,Hospice Care,安宁照护,,2018-03-15
3287139,Hours of Work,工时,,2018-03-15
3287140,House of Refuge,收容所,,2018-03-15
3287141,Household Labor,家务劳动,,2018-03-15
3287142,Housing Corporation,住宅公司,,2018-03-15
3287143,Housing Policy,住宅政策,,2018-03-15
3287144,Hull House,胡尔馆,,2018-03-15
3287145,Human Capital,人力资本,,2018-03-15
3287146,Human Capital Investments,人力资本投资,,2018-03-15
3287147,Human Diversity,人类多样性,,2018-03-15
3287148,Human Resources,人力资源,,2018-03-15
3287149,Human Right,人权,,2018-03-15
3287150,Humanism,人道主义,,2018-03-15
3287151,Hush Hush Fallacy,机密谬误,,2018-03-15
3287152,Hypnosis,催眠,,2018-03-15
3287153,Hypochondriasis,疑病症,,2018-03-15
3287154,Hypothesis,假设,,2018-03-15
3287155,Id,本我,,2018-03-15
3287156,Ideal Type,理念型,,2018-03-15
3287157,Ideology in Social Work,社会工作意识形态,,2018-03-15
3287158,Illusory Correlations,虚幻的相关性,,2018-03-15
3287159,Impact Assessment,影响评估,,2018-03-15
3287160,In Cash,现金给付,,2018-03-15
3287161,In Home Services,在宅服务,,2018-03-15
3287162,In Vivo Desensitization,实境减敏感,,2018-03-15
3287163,Income Distribution,所得分配,,2018-03-15
3287164,Income Maintenance,所得维持,,2018-03-15
3287165,Income Thresholds,所得门槛,,2018-03-15
3287166,Incongruence,不一致,,2018-03-15
3287167,Incrementalism,渐进主义,,2018-03-15
3287168,Independent Campaign,独立劝募,,2018-03-15
3287169,Independent Living,独立生活,,2018-03-15
3287170,Independent Variable,自变项；自变数,,2018-03-15
3287171,Indicators of Child Abuse,儿童受虐指标,,2018-03-15
3287172,Indigenization of Social Work,社会工作本土化,,2018-03-15
3287173,Indirect services,间接服务,,2018-03-15
3287174,Individual Accounts,个人帐户,,2018-03-15
3287175,Individual Competencies,个人知能,,2018-03-15
3287176,Individual Development Accounts {=IDAs},个人发展帐户,,2018-03-15
3287177,Individual Pensions; Personal Pensions,个人年金；私人年金,,2018-03-15
3287178,Individual Retirement Accounts {=IRAs},个人退休帐户,,2018-03-15
3287179,Individual Supervision,个别督导,,2018-03-15
3287180,Individual Unemployment Accounts {=IUAs},个人失业帐户,,2018-03-15
3287181,Individualism,个人主义,,2018-03-15
3287182,Individualization,个别化,,2018-03-15
3287183,Individualized Educational Program,个别教育方案,,2018-03-15
3287184,Individualized Employment Service,个别化就业服务,,2018-03-15
3287185,Individualized Family Service Plan,个别化家庭服务计划,,2018-03-15
3287186,Indoor Relief,院内救济,,2018-03-15
3287187,Inductive Method,归纳法,,2018-03-15
3287188,Industrial Democracy,工业民主,,2018-03-15
3287189,Industrial Relations,工业关系,,2018-03-15
3287190,Industrial Safety and Health,工业安全卫生,,2018-03-15
3287191,Industrial Service,工业服务,,2018-03-15
3287192,Industrial Social Work,工业社会工作,,2018-03-15
3287193,Industrial Worker,产业工人,,2018-03-15
3287194,Industrialization,工业化,,2018-03-15
3287195,Infant Morality,婴儿死亡率,,2018-03-15
3287196,Inferred Need,推断需求,,2018-03-15
3287197,Informal Care,非正式照顾,,2018-03-15
3287198,Informal Interview,非正式访谈,,2018-03-15
3287199,In-home Services,在宅服务,,2018-03-15
3287200,Injury Benefit,伤害给付,,2018-03-15
3287201,Institutional Abuse,机构虐待,,2018-03-15
3287202,Institutional Approach,制度探究法,,2018-03-15
3287203,Institutional Care,机构式照顾,,2018-03-15
3287204,Institutional Ethnography,制度民族志；建制民族志,,2018-03-15
3287205,Institutional Mechanisms,制度性机制,,2018-03-15
3287206,Institutional Treatment,机构式处遇；机构式处置,,2018-03-15
3287207,Institutionalized Discrimination,制度化歧视,,2018-03-15
3287208,Instrumental Activities of Daily Living {=IADL},工具性日常生活活动功能,,2018-03-15
3287209,Insurance Benefits,保险给付,,2018-03-15
3287210,Insurance Finance,保险财务,,2018-03-15
3287211,Insurance Fund,保险基金,,2018-03-15
3287212,Insured Person,被保险人,,2018-03-15
3287213,Insured Salary,投保薪资,,2018-03-15
3287214,Covered Salary,投保薪资,,2018-03-15
3287215,Insured Units,投保单位,,2018-03-15
3287216,Insurer,保险人,,2018-03-15
3287217,Intake,接案,,2018-03-15
3287218,Integrated Safety Net Model,整合安全网模式,,2018-03-15
3287219,Intelligence Quotient,智商,,2018-03-15
3287220,Intelligence Test,智力测验,,2018-03-15
3287221,Intensity Sampling,深度取样,,2018-03-15
3287222,Intensive Supervised Probation,强度观护,,2018-03-15
3287223,Interaction Process Analysis,互动过程分析,,2018-03-15
3287224,Inter-agency Collaboration,跨机构协力,,2018-03-15
3287225,Interdisciplinary Team,跨专业团队,,2018-03-15
3287226,Interest Group,利益团体,,2018-03-15
3287227,Inter-generational Deprivation,跨世代剥夺,,2018-03-15
3287228,Inter-generational Relations,代间关系,,2018-03-15
3287229,Inter-generational Transfer,代间移转,,2018-03-15
3287230,Intermediate Structures,中介结构,,2018-03-15
3287231,Internal Validity,内在效度,,2018-03-15
3287232,International Association of Schools of Social Work,国际社会工作学校协会,,2018-03-15
3287233,"International Classification of Impairment, Disabilities and Handicaps",身心障碍国际分类,,2018-03-15
3287234,International Day of Older Persons,老人节,,2018-03-15
3287235,International Day of Persons with Disabilities,国际身心障碍者日,,2018-03-15
3287236,International Federation of Social Workers,国际社会工作者联盟,,2018-03-15
3287237,International Labor Convention,国际劳工公约,,2018-03-15
3287238,International Labor Organization,国际劳工组织,,2018-03-15
3287239,International Labor Recommendation,国际劳工建议书,,2018-03-15
3287240,International Labor Standard,国际劳工标准,,2018-03-15
3287241,International Monetary Fund {=IMF},国际货币基金会,,2018-03-15
3287242,International Planned Parenthood Federation,国际家庭计划联盟,,2018-03-15
3287243,International Refugee Organization,国际难民组织,,2018-03-15
3287244,International Relation,人际关系,,2018-03-15
3287245,International Social Security Association,国际社会安全协会,,2018-03-15
3287246,International Social Work,国际社会工作,,2018-03-15
3287247,International Volunteers’ Day,国际志工日,,2018-03-15
3287248,International Women’s Day,国际妇女节,,2018-03-15
3287249,International Worker’s Day; Labour Day,国际劳动节,,2018-03-15
3287250,International Year for the Eradication of Poverty,国际消除贫穷年,,2018-03-15
3287251,International Year of Family,国际家庭年,,2018-03-15
3287252,Inter-state Job Clearance Center,跨州人力媒合中心,,2018-03-15
3287253,Interval Scale,等距尺度；区间尺度,,2018-03-15
3287254,Intervening Variable,中介变项；中介变数,,2018-03-15
3287255,Intervention,介入,,2018-03-15
3287256,Interview Method,访问法；访谈法,,2018-03-15
3287257,Interviewer Bias,访员偏误,,2018-03-15
3287258,Interviewing,会谈,,2018-03-15
3287259,Interviewing Techniques,访问技术；访谈技术,,2018-03-15
3287260,Intimate Partner Violence {=IPV},亲密关系暴力,,2018-03-15
3287261,Intra-generational Transfer,代内移转,,2018-03-15
3287262,Introductory Apprenticeship,入门学徒,,2018-03-15
3287263,Involuntary Clients,非自愿性案主,,2018-03-15
3287264,Involuntary Group,非自愿性团体,,2018-03-15
3287265,Job Accommodation,职务再设计,,2018-03-15
3287266,Worksite Accommodation,职务再设计,,2018-03-15
3287267,Job Analysis,职位分析,,2018-03-15
3287268,Job Bank,人力银行,,2018-03-15
3287269,Job Corps,工作团,,2018-03-15
3287270,Job Description,职位说明,,2018-03-15
3287271,Job Insertion,工作插入,,2018-03-15
3287272,Job Placement,工作安排,,2018-03-15
3287273,Jobseeker's Allowance,寻职津贴,,2018-03-15
3287274,Juvenile Court,少年法院；少年法庭,,2018-03-15
3287275,Juvenile Criminal Case,少年刑事案件,,2018-03-15
3287276,Juvenile Delinquency,少年犯罪,,2018-03-15
3287277,Juvenile Detention House,少年观护所,,2018-03-15
3287278,Juvenile Gang,少年帮派,,2018-03-15
3287279,Juvenile Justice,少年司法,,2018-03-15
3287280,Juvenile Prison,少年监狱,,2018-03-15
3287281,Juvenile Protective Measures,少年保护处分,,2018-03-15
3287282,Juvenile Subculture,少年次文化,,2018-03-15
3287283,Key Case Sampling,关键个案取样,,2018-03-15
3287284,Keynesian Economics,凯因斯经济学,,2018-03-15
3287285,Kibbtutz,克布兹{以色列公社},,2018-03-15
3287286,Knights of Labor,劳工武士会,,2018-03-15
3287287,Labelling,标签化,,2018-03-15
3287288,Labelling Theory,标签理论,,2018-03-15
3287289,Labor Agreement,劳动协约,,2018-03-15
3287290,Labor Conditions,劳动条件,,2018-03-15
3287291,Labor Dispute,劳资争议,,2018-03-15
3287292,Labor Force,劳动力,,2018-03-15
3287293,Labor Force Participation,劳动参与率,,2018-03-15
3287294,Labor Inspection,劳动检查,,2018-03-15
3287295,Labor Insurance,劳工保险,,2018-03-15
3287296,Labor Legislation,劳工立法,,2018-03-15
3287297,Labor Market,劳动市场,,2018-03-15
3287298,Labor Movement,劳工运动,,2018-03-15
3287299,Labor Policy,劳工政策,,2018-03-15
3287300,Labor Problem,劳工问题,,2018-03-15
3287301,Labor Relations,劳动关系,,2018-03-15
3287302,Labor Standards,劳动基准,,2018-03-15
3287303,Labor Union Law,工会,,2018-03-15
3287304,Labor Welfare,劳工福利,,2018-03-15
3287305,Labor Welfare Indicators,劳工福利指标,,2018-03-15
3287306,Laissez-faire Group Leadership,放任的团体领导,,2018-03-15
3287307,Latchkey Child,钥匙儿,,2018-03-15
3287308,Law of Large Numbers,大数法则,,2018-03-15
3287309,Learning Difficulties,学习障碍,,2018-03-15
3287310,Leaving Curves,脱离状态曲线,,2018-03-15
3287311,Legal Aid,法律扶助,,2018-03-15
3287312,Legal Benefits,法定给付,,2018-03-15
3287313,Statutory Benefits,法定给付,,2018-03-15
3287314,Legal Guardianship,法律监护权,,2018-03-15
3287315,Leisure Class,有闲阶级,,2018-03-15
3287316,"Lesbian, Gay, Bisexual, amd Transgendered Community {=LGBT Community}",多元性倾向社群,,2018-03-15
3287317,Level of Consumption,消费水准,,2018-03-15
3287318,Liaison Instructor,实习指导教师,,2018-03-15
3287319,Licensed Social Workers,社会工作师,,2018-03-15
3287320,Life Course,生命历程,,2018-03-15
3287321,Life Course Research,生命历程研究,,2018-03-15
3287322,Life Cycle Models,生命循环模式,,2018-03-15
3287323,Life Expectancy,平均余命,,2018-03-15
3287324,Life Line,生命线,,2018-03-15
3287325,Life Model,生活模式,,2018-03-15
3287326,Life Review,生命回顾,,2018-03-15
3287327,Life Trajectories,生活轨迹,,2018-03-15
3287328,Lifelong Education,终生教育,,2018-03-15
3287329,Lifelong Learning,终生学习,,2018-03-15
3287330,Likert Scale,李克特量表,,2018-03-15
3287331,Lions Clubs International,狮子会,,2018-03-15
3287332,Local Knowledge,在地知识,,2018-03-15
3287333,Local Society,本地社会,,2018-03-15
3287334,Localism,地方主义,,2018-03-15
3287335,Log-linear Models,对数线性模型,,2018-03-15
3287336,Lombrosian School,龙布罗梭学派,,2018-03-15
3287337,Longevity,长寿,,2018-03-15
3287338,Longitudinal Study,贯时性研究,,2018-03-15
3287339,Long-term Care Ombudsman,长期照顾权利维护者,,2018-03-15
3287340,Low Income Family,低收入家庭,,2018-03-15
3287341,Lump-sum Payment,一次给付,,2018-03-15
3287342,Macro Practice,巨视实施,,2018-03-15
3287343,Macro Social Work,巨视社会工作；宏观社会工作,,2018-03-15
3287344,Mailing Questionnaire Method,邮寄问卷法,,2018-03-15
3287345,Mainstream Services,主流服务,,2018-03-15
3287346,Mainstream Social Work,主流社会工作,,2018-03-15
3287347,Maladjusted Student,适应不良学生,,2018-03-15
3287348,Male Breadwinner Models,男性赚食模式；男性养家模式,,2018-03-15
3287349,Maltreatment,不当对待,,2018-03-15
3287350,Management and Labor Council,劳资会议,,2018-03-15
3287351,Management by Objectives {=MBO},目标管理,,2018-03-15
3287352,Management of Human Resource,人力资源管理,,2018-03-15
3287353,Managing Information Systems,资讯系统管理,,2018-03-15
3287354,Manpower,人力,,2018-03-15
3287355,Manpower Development,人力发展,,2018-03-15
3287356,Manpower Mobilization,人力动员,,2018-03-15
3287357,Manpower Planning,人力规划,,2018-03-15
3287358,Manpower Supply-demand,人力供需,,2018-03-15
3287359,Manpower Survey,人力资源调查,,2018-03-15
3287360,Maori Social Work,毛利人的社会工作,,2018-03-15
3287361,Marginalization,边缘化,,2018-03-15
3287362,Marital Instability,婚姻不稳定,,2018-03-15
3287363,Market Failures,市场失灵,,2018-03-15
3287364,Market Mechanism,市场机制,,2018-03-15
3287365,Marriage Counseling,婚姻咨商,,2018-03-15
3287366,Marriage Mediation,婚姻调解,,2018-03-15
3287367,Marxism,马克思主义,,2018-03-15
3287368,Masculinitie,阳刚特质；男子气概,,2018-03-15
3287369,Mass Communication,大众传播,,2018-03-15
3287370,Mass Media,大众传播媒体,,2018-03-15
3287371,Maternalistic Reform,母性主义的改革,,2018-03-15
3287372,Maternity Benefit,生育给付,,2018-03-15
3287373,Maternity Grant,生育补助,,2018-03-15
3287374,Maternity Leave,产假,,2018-03-15
3287375,Maternity Protection,母性保护,,2018-03-15
3287376,matriarchal society,母权社会,,2018-03-15
3287377,matrilineal society,母系社会,,2018-03-15
3287378,Meal on the wheels,送餐,,2018-03-15
3287379,Means Test,资产调查,,2018-03-15
3287380,Measurement,测量,,2018-03-15
3287381,Measurement Error,测量误差,,2018-03-15
3287382,Measurement Instrument,测量工具,,2018-03-15
3287383,Mediation,调解,,2018-03-15
3287384,Medicaid,美国医疗救助,,2018-03-15
3287385,Medical Benefit,医疗给付,,2018-03-15
3287386,Medical Care Act,医疗照护法,,2018-03-15
3287387,Medical Security System,医疗安全制度,,2018-03-15
3287388,Medical Social Work,医务社会工作,,2018-03-15
3287389,Medical Subsidy,医疗补助,,2018-03-15
3287390,Medicare,美国老年医疗保险,,2018-03-15
3287391,Mental Age,心智年龄,,2018-03-15
3287392,Mental Health {Hygiene},心理健康；精神健康,,2018-03-15
3287393,Mental Retardation,智能障碍,,2018-03-15
3287394,Mentally and Physically Disabled,身心障碍,,2018-03-15
3287395,Merit Rate System,实绩费率制,,2018-03-15
3287396,Meta-analysis,后设分析,,2018-03-15
3287397,Methodology,方法学；方法论,,2018-03-15
3287398,Micro Practice,微视实施,,2018-03-15
3287399,Micro Social Work,微视社会工作,,2018-03-15
3287400,Microcredit,小额信用,,2018-03-15
3287401,Microenterprise,微型企业,,2018-03-15
3287402,Microfinance,微型财务,,2018-03-15
3287403,Microscopic Analysis,微视分析,,2018-03-15
3287404,Migrant Workers,外籍劳工；移工,,2018-03-15
3287405,Militarism,军国主义,,2018-03-15
3287406,Military Social Work,军队社会工作,,2018-03-15
3287407,Mini-Mental Status Examination {=MMSE},简易智能状态测验,,2018-03-15
3287408,Minimum Cost of Living,最低生活费,,2018-03-15
3287409,Minimum Wages,最低工资,,2018-03-15
3287410,Minority Group,少数团体,,2018-03-15
3287411,Model City,示范城镇,,2018-03-15
3287412,Modus Operandi,犯罪手法,,2018-03-15
3287413,Method of Operation,犯罪手法,,2018-03-15
3287414,Moralism,道德主义,,2018-03-15
3287415,Mortgage Securitization,不动产证券化,,2018-03-15
3287416,Motivation Research,动机研究,,2018-03-15
3287417,Multicultural Competence,多元文化能力,,2018-03-15
3287418,Multiculturalism,多元文化主义,,2018-03-15
3287419,Cultural Pluralism,多元文化主义,,2018-03-15
3287420,Multidisciplinary Team,多专业团队；多学门团队,,2018-03-15
3287421,Multiple-family Therapy,多家庭治疗,,2018-03-15
3287422,Multipurpose Senior Center,多目标老人中心,,2018-03-15
3287423,Multi-stage Sampling,多阶段抽样,,2018-03-15
3287424,Multivariate Analysis,多变数分析,,2018-03-15
3287425,Music Therapy,音乐治疗,,2018-03-15
3287426,Mutual Aid Society,互助社,,2018-03-15
3287427,Mutual Aid System,互助系统,,2018-03-15
3287428,Mutual Aid Theory,互助论,,2018-03-15
3287429,Narrative Approach,叙事取向,,2018-03-15
3287430,Narrative Research,叙事研究,,2018-03-15
3287431,Narrative Therapy,叙事治疗,,2018-03-15
3287432,National Employment Savings Trust {=NEST},国家就业储蓄信托,,2018-03-15
3287433,National Health Insurance,全民健康保险,,2018-03-15
3287434,National Income,国民所得,,2018-03-15
3287435,National Pensions,国民年金,,2018-03-15
3287436,Nationality,国籍,,2018-03-15
3287437,Natural Resources System,原生资源体系,,2018-03-15
3287438,Near Poor,近贫,,2018-03-15
3287439,Needs Assessment,需求评估,,2018-03-15
3287440,Negative Income Tax,负所得税,,2018-03-15
3287441,Negative Transfers,负移转给付,,2018-03-15
3287442,Neighborhood Cohesion,邻里凝聚,,2018-03-15
3287443,Neighborhood Day Care Service,邻里日托服务,,2018-03-15
3287444,Neighborhood Guild,邻里组织,,2018-03-15
3287445,Neighborhood Service Center,邻里服务中心,,2018-03-15
3287446,Neighborhood Unit Plan,邻里单元计划,,2018-03-15
3287447,Neighborhood Youth Corps,邻里青年团,,2018-03-15
3287448,Neighbourhood Centres,邻里中心,,2018-03-15
3287449,Neighbourhoodism,邻里主义,,2018-03-15
3287450,Neo-conservatism,新保守主义,,2018-03-15
3287451,Neo-Freudianism,新佛洛伊德主义,,2018-03-15
3287452,Neoliberalism,新自由主义,,2018-03-15
3287453,Neo-Marxism,新马克斯主义,,2018-03-15
3287454,Network Analysis,网络分析,,2018-03-15
3287455,Neurosis,精神官能症,,2018-03-15
3287456,New Deal,新政,,2018-03-15
3287457,New Deal for Lone Parents,单亲家长新政,,2018-03-15
3287458,New Hamburg System,新汉堡制,,2018-03-15
3287459,New Harmony Village,和谐新村,,2018-03-15
3287460,New Left,新左派,,2018-03-15
3287461,New Managerialism,新管理主义,,2018-03-15
3287462,New Right,新右派,,2018-03-15
3287463,New Town,新市镇,,2018-03-15
3287464,New Zealand Voluntary Long-term Savings Scheme; KiwiSaver ,纽西兰志愿性长期储蓄制,,2018-03-15
3287465,Nominal Scale,名目尺度；名义尺度,,2018-03-15
3287466,Non-contributory System,非缴费制,,2018-03-15
3287467,Non-controlled Observation,非控制观察,,2018-03-15
3287468,Non-directive Interview,非指引访谈,,2018-03-15
3287469,Non-institutional Treatment,非机构性处遇,,2018-03-15
3287470,Nonprofit Organizations,非营利组织,,2018-03-15
3287471,Non-structured Group,非结构性团体,,2018-03-15
3287472,Normal Distribution,常态分配,,2018-03-15
3287473,Normalization,正常化,,2018-03-15
3287474,Normative Need,规范需求,,2018-03-15
3287475,Not in Labor Force,非劳动力,,2018-03-15
3287476,Nuclear Family,核心家庭,,2018-03-15
3287477,Numerical Scales,数值尺度,,2018-03-15
3287478,Nutrition Services,营养餐食服务,,2018-03-15
3287479,Observation Method,观察法,,2018-03-15
3287480,Occupational Accident,职业灾害,,2018-03-15
3287481,Occupational Disease,职业病,,2018-03-15
3287482,Occupational Pensions,职业年金,,2018-03-15
3287483,Occupational Safety and Health,职业安全卫生,,2018-03-15
3287484,Occupational Segregation,职业隔离,,2018-03-15
3287485,Occupational Therapy,职能治疗,,2018-03-15
3287486,Oedipus Complex,恋母情结,,2018-03-15
3287487,Old-age Benefit,老年给付,,2018-03-15
3287488,Old-age Insurance,老年保险,,2018-03-15
3287489,"Old-age, Survivors, Disability Insurance",老年遗嘱残障保险{美国},,2018-03-15
3287490,Older Americans Act {=OAA},美国老人法,,2018-03-15
3287491,Ombudsman,权利维护者,,2018-03-15
3287492,One Stop Service,单一窗口,,2018-03-15
3287493,On-the-job Training {=OJT},在职训练,,2018-03-15
3287494,Open Correctional Institution,开放式矫正机构,,2018-03-15
3287495,Open Group,开放式团体,,2018-03-15
3287496,Open Shop,开放工厂,,2018-03-15
3287497,Open-end Grants,开放式补助,,2018-03-15
3287498,Operational Construct Sampling,操作性取样,,2018-03-15
3287499,Opportunistic Sampling,机会取样,,2018-03-15
3287500,Oral History,口述历史,,2018-03-15
3287501,Ordinal Scale,顺序尺度；次序尺度,,2018-03-15
3287502,Ordinary Least Squares {=OLS},普通最小平方,,2018-03-15
3287503,Organ Transfer,器官移植,,2018-03-15
3287504,Organization for Economic Cooperation and Development {=OECD},经济合作与发展组织,,2018-03-15
3287505,Organized Crime,组织犯罪,,2018-03-15
3287506,Orphans Pension,孤儿年金,,2018-03-15
3287507,Othering,他者化,,2018-03-15
3287508,Out Reach,外展,,2018-03-15
3287509,Outdoor Relief,院外救济,,2018-03-15
3287510,Outdoor Service,院外服务,,2018-03-15
3287511,Out-of-home Care,家外照顾,,2018-03-15
3287512,Palliative Care,缓和疗护,,2018-03-15
3287513,Panel Discussion,陪席式讨论会,,2018-03-15
3287514,Paradigm,典范,,2018-03-15
3287515,Parens Patriae,国家亲权主义,,2018-03-15
3287516,The Parent of The Country,国家亲权主义,,2018-03-15
3287517,Parent Education,亲职教育,,2018-03-15
3287518,Parent Efficacy Training {=PET},父母效能训练,,2018-03-15
3287519,Parental Leave,亲职假,,2018-03-15
3287520,Parentification,亲职化,,2018-03-15
3287521,Parents’ Fair Share,父母共享,,2018-03-15
3287522,Parent-Teacher Association,亲师协会,,2018-03-15
3287523,Parish Relief,教区救济,,2018-03-15
3287524,Parkinson's Disease,帕金森氏症,,2018-03-15
3287525,Parole,假释,,2018-03-15
3287526,Conditional Release,假释,,2018-03-15
3287527,Participant Observation,参与观察,,2018-03-15
3287528,Partner Care,伙伴照顾,,2018-03-15
3287529,Past Service Liability,过去服务责任{年资并计},,2018-03-15
3287530,Paternalism,家长主义；父权主义,,2018-03-15
3287531,Paternity Leave,陪产假,,2018-03-15
3287532,Path Analysis,路径分析；因径分析,,2018-03-15
3287533,Patient Rights,病人权利,,2018-03-15
3287534,Patient Self-help Group,病人自助团体,,2018-03-15
3287535,Patriarchy,父权,,2018-03-15
3287536,Patronage System,庇护系统,,2018-03-15
3287537,Pay As You Go Scheme,随收随付制,,2018-03-15
3287538,Payment System of Medical Service,医疗服务支付制度,,2018-03-15
3287539,Peace Corps,和平工作团,,2018-03-15
3287540,Peer Group,同侪团体,,2018-03-15
3287541,Penalty,刑罚,,2018-03-15
3287542,Pennsylvania System,宾夕维尼亚制,,2018-03-15
3287543,Penology,刑罚学,,2018-03-15
3287544,Pension,年金,,2018-03-15
3287545,Annuity,年金,,2018-03-15
3287546,Pension Adjustment,年金调整,,2018-03-15
3287547,Pension Fund Administrators {=PFAs},年金基金管理人,,2018-03-15
3287548,Pension Fund Custodians,年金基金监理人,,2018-03-15
3287549,Pension Insurance,年金保险,,2018-03-15
3287550,Pension Protection Fund ,年金保证基金,,2018-03-15
3287551,Pension Trust,年金信托,,2018-03-15
3287552,Pensionable Age,年金给付年龄,,2018-03-15
3287553,Periodical Payments,定期给付,,2018-03-15
3287554,Permanent Life Insurance,终生保险,,2018-03-15
3287555,Perpetual or Hereditary Pensions,终身或世袭年金,,2018-03-15
3287556,Personal Social Services,个人社会服务,,2018-03-15
3287557,Person-in-environment,人在环境中,,2018-03-15
3287558,Phenomenology,现象学,,2018-03-15
3287559,Philadelphia Declaration,费城宣言,,2018-03-15
3287560,Philanthropy,慈善事业,,2018-03-15
3287561,Physical Therapy,物理治疗,,2018-03-15
3287562,Physically Handicapped Children,肢体障碍儿童,,2018-03-15
3287563,Children with Physically Challenge,肢体障碍儿童,,2018-03-15
3287564,Picketing,纠察,,2018-03-15
3287565,Pilot Community,示范社区,,2018-03-15
3287566,Pink-collar Worker,粉红领劳工,,2018-03-15
3287567,Placebo Effect,安慰剂效应,,2018-03-15
3287568,Placement for the Disabled or Handicapped,身心障碍者就业安置,,2018-03-15
3287569,Plato’s “Republic”,柏拉图共和国,,2018-03-15
3287570,Play Therapy,游戏治疗,,2018-03-15
3287571,Policy Analysis,政策分析,,2018-03-15
3287572,Policy Evaluation,政策评鉴,,2018-03-15
3287573,Policy Planning,政策规划,,2018-03-15
3287574,Policy Research,政策研究,,2018-03-15
3287575,Political Pensions,政治酬赏年金,,2018-03-15
3287576,Polygamy,一夫多妻,,2018-03-15
3287577,Poor Law,济贫法,,2018-03-15
3287578,Poor-relief Tax,济贫税,,2018-03-15
3287579,Population,母群体,,2018-03-15
3287580,Population Policy,人口政策,,2018-03-15
3287581,Population Problems,人口问题,,2018-03-15
3287582,Possessive individualism,占有式个人主义,,2018-03-15
3287583,Post Traumatic Stress Disorder {=PTSD},创伤后压力症候群,,2018-03-15
3287584,Postmillennialism,后千禧论,,2018-03-15
3287585,Postmodernism,后现代主义,,2018-03-15
3287586,Post-modernism,后现代主义,,2018-03-15
3287587,Potential Labor Force,潜在劳动力,,2018-03-15
3287588,Poverty,贫穷,,2018-03-15
3287589,Poverty Line,贫穷线,,2018-03-15
3287590,Poverty Trap,深陷贫穷,,2018-03-15
3287591,Pragmatism,实用主义；务实主义,,2018-03-15
3287592,Prediction of Crime,犯罪预测,,2018-03-15
3287593,Prediction Study,预测性研究,,2018-03-15
3287594,Prediction Table of Crime,犯罪预测表,,2018-03-15
3287595,Pressure Group,压力团体,,2018-03-15
3287596,Pretest,预试、前测,,2018-03-15
3287597,Preventive Medicine,预防医学,,2018-03-15
3287598,Primary Group,初级团体,,2018-03-15
3287599,Primary Labor Market,初级劳动市场,,2018-03-15
3287600,Primary Prevention,初级预防,,2018-03-15
3287601,Primary Solidarity,初级团结；初级连带,,2018-03-15
3287602,Prison,监狱,,2018-03-15
3287603,Penitentiary,监狱,,2018-03-15
3287604,Prison Labor,监狱作业,,2018-03-15
3287605,Prisoner Self-government,受刑人自治,,2018-03-15
3287606,Prisonization,监狱化,,2018-03-15
3287607,Private Pension Schemes,私人年金制,,2018-03-15
3287608,Private Sector,私部门,,2018-03-15
3287609,Privatization,私有化,,2018-03-15
3287610,Privatization of Prison,监狱民营化,,2018-03-15
3287611,Proactive Resilience,预应复原力,,2018-03-15
3287612,Probability Sampling,机率抽样,,2018-03-15
3287613,Probation,观护,,2018-03-15
3287614,Probation Officer,观护人,,2018-03-15
3287615,Probation System,观护制度,,2018-03-15
3287616,Problem-oriented Record,问题取向纪录,,2018-03-15
3287617,Problem-solving School,问题解决学派,,2018-03-15
3287618,Productive Aging,生产老化,,2018-03-15
3287619,Professional Code of Ethics,伦理守则,,2018-03-15
3287620,Professional Hierarchy,专业层级,,2018-03-15
3287621,Professional Monopoly,专业霸权,,2018-03-15
3287622,Professional Relationship,专业关系,,2018-03-15
3287623,Professionalism,专业主义,,2018-03-15
3287624,Professionalization,专业化,,2018-03-15
3287625,Profit Sharing,利润分享；利润分红,,2018-03-15
3287626,Profit-sharing and Stock-ownership System,分红入股制度,,2018-03-15
3287627,Program Evaluation,方案评鉴,,2018-03-15
3287628,Program of All-inclusive Care for Elderly {=PACE},全包式老人照护计划；统包式老人照护计划,,2018-03-15
3287629,Progressive Grading System,累进制积分,,2018-03-15
3287630,Projection,投射,,2018-03-15
3287631,Projective Methods,投射法,,2018-03-15
3287632,Protection Order,保护令,,2018-03-15
3287633,Protective Service,保护性服务,,2018-03-15
3287634,Protestant Reformation,新教改革,,2018-03-15
3287635,Provident Fund,公积金,,2018-03-15
3287636,Provincialism,乡土主义,,2018-03-15
3287637,Psychiatric Social Work,精神医疗社会工作,,2018-03-15
3287638,Psychoanalysis,精神分析,,2018-03-15
3287639,Psychoanalytic Theory,精神分析理论,,2018-03-15
3287640,Psychodrama,心理剧,,2018-03-15
3287641,Psychodynamic Theory,心理动力理论,,2018-03-15
3287642,Psychodynamics,心理动力,,2018-03-15
3287643,Psychological Maladjustment,心理失调,,2018-03-15
3287644,Psychological Test,心理测验,,2018-03-15
3287645,Psychosexual Development,心性发展,,2018-03-15
3287646,Psychosis,精神病,,2018-03-15
3287647,Psychosocial Approach,心理暨社会学派,,2018-03-15
3287648,Psychosocial Diagnosis,心理暨社会诊断,,2018-03-15
3287649,Psychotherapy,心理治疗,,2018-03-15
3287650,Public Assistance States,公共救助国家,,2018-03-15
3287651,Public Health,公共卫生,,2018-03-15
3287652,Public Housing,公共住宅,,2018-03-15
3287653,Public Relations,公共关系,,2018-03-15
3287654,Public Sector,公部门,,2018-03-15
3287655,Pupil Personnel Services,学生服务,,2018-03-15
3287656,Purchasing Social Service,购买式社会服务,,2018-03-15
3287657,Purposive Sampling,立意取样,,2018-03-15
3287658,Pygmalion Effect,皮马龙效应,,2018-03-15
3287659,Qualifying Period for Benefit,给付合格期间,,2018-03-15
3287660,Qualitative Analysis,定量分析,,2018-03-15
3287661,Qualitative Research,定性研究,,2018-03-15
3287662,Quasi-experimental Design,准实验设计,,2018-03-15
3287663,Quasi-market,准市场,,2018-03-15
3287664,Questionnaire,问卷,,2018-03-15
3287665,Racial Problem,种族问题,,2018-03-15
3287666,Radical Social Work,基变社会工作,,2018-03-15
3287667,Ranking Scales,定序量表,,2018-03-15
3287668,Rapid Assessment Instruments,快速评估工具,,2018-03-15
3287669,Rapport,信任关系；投契关系,,2018-03-15
3287670,Rating Scales,定值量表,,2018-03-15
3287671,Ratio of Opening to Applicants,求供倍率,,2018-03-15
3287672,Ratio Scale,等比尺度,,2018-03-15
3287673,Rationalization,合理化,,2018-03-15
3287674,Real Wages,实质工资；实质薪资,,2018-03-15
3287675,Reality Therapy,现实治疗,,2018-03-15
3287676,Reasonable Standard of Living,合理生活标准,,2018-03-15
3287677,Reciprocity Networks,互惠网络,,2018-03-15
3287678,Recognised Need,认可需求,,2018-03-15
3287679,Reconstruction,重建,,2018-03-15
3287680,Recovery,复原,,2018-03-15
3287681,Red Cross Society,红十字会,,2018-03-15
3287682,Red Feather Campaign,洪羽毛运动,,2018-03-15
3287683,Redistribution,再分配,,2018-03-15
3287684,Reduced Pension,减额年金,,2018-03-15
3287685,Redundancy Notification System,资遣通报制度,,2018-03-15
3287686,Reflective Practice,反思实践,,2018-03-15
3287687,Reflexive Practice,反身性实施,,2018-03-15
3287688,Reform School,矫正学校；感化院,,2018-03-15
3287689,Reformatory,矫正学校；感化院,,2018-03-15
3287690,Reframing,重新框架；再框架,,2018-03-15
3287691,Regional Development,区域发展,,2018-03-15
3287692,Regional Planning,区域计划,,2018-03-15
3287693,Regionalism,区域主义,,2018-03-15
3287694,Regression Analysis,回归分析,,2018-03-15
3287695,Rehabilitation,复健,,2018-03-15
3287696,Relative Need,相对需求,,2018-03-15
3287697,Relative Poverty,相对贫穷,,2018-03-15
3287698,Relativism,相对主义,,2018-03-15
3287699,Reliability,信度,,2018-03-15
3287700,Relief Services,救灾服务,,2018-03-15
3287701,Relocation,异地重建,,2018-03-15
3287702,Reminiscence,怀旧,,2018-03-15
3287703,Reminiscence Work,怀旧工作,,2018-03-15
3287704,Reopened Case,重开案,,2018-03-15
3287705,Replication Research,复制研究,,2018-03-15
3287706,Reporting,责任通报,,2018-03-15
3287707,Reporting of Births,出生通报,,2018-03-15
3287708,Representation Survey,代表性调查,,2018-03-15
3287709,Repression,压迫{政治}；压抑{心理},,2018-03-15
3287710,Research Design,研究设计,,2018-03-15
3287711,Reserve Fund,责任准备金,,2018-03-15
3287712,Resettlement,异地安置,,2018-03-15
3287713,Residential Care,住宿照顾,,2018-03-15
3287714,Residential Treatment Center for Children,儿童住宿治疗中心,,2018-03-15
3287715,Residential Welfare,残补式福利,,2018-03-15
3287716,Resilience,复原力；韧性,,2018-03-15
3287717,Resilient Communities,韧性社区,,2018-03-15
3287718,Resistance,抗拒,,2018-03-15
3287719,Resocialization,再社会化,,2018-03-15
3287720,Respite Care,喘息照顾,,2018-03-15
3287721,Retired Senior Volunteers Program {=RSVP},退休老人志工方案,,2018-03-15
3287722,Retirement Benefit,退休给付,,2018-03-15
3287723,Retirement Benefit Bond,退休给付保证,,2018-03-15
3287724,Retirement Benefits Bond Redemption Fund,退休给付保证再保基金,,2018-03-15
3287725,Retirement Communities,退休社群,,2018-03-15
3287726,Retirement Savings Account,退休储蓄帐,,2018-03-15
3287727,Reverse Mortgage,逆向贷款,,2018-03-15
3287728,Right to Life,生存权,,2018-03-15
3287729,Right to Work,工作权,,2018-03-15
3287730,Risk Assessment,风险评估,,2018-03-15
3287731,Robust Resilience,强健复原力,,2018-03-15
3287732,Rochdale Equality Pioneer Society,罗虚戴尔公平先锋会社,,2018-03-15
3287733,Role Conflict,角色冲突,,2018-03-15
3287734,Role Expectation,角色期待,,2018-03-15
3287735,Role Function,角色功能,,2018-03-15
3287736,Role Theory,角色理论,,2018-03-15
3287737,Role-playing,角色扮演,,2018-03-15
3287738,Rosenthal Effect,罗森塔尔效应,,2018-03-15
3287739,Rotary Club,扶轮社,,2018-03-15
3287740,Rubber-stamp groups,橡皮图章组,,2018-03-15
3287741,Rural Reconstruction,农村复兴,,2018-03-15
3287742,Rural Social Work,乡村社会工作,,2018-03-15
3287743,Sabotage,怠工,,2018-03-15
3287744,Sadistic Personality Disorder,施虐人格障碍,,2018-03-15
3287745,Salvation Army,救世军,,2018-03-15
3287746,Same-sax Marriages {=SSM},同性婚姻,,2018-03-15
3287747,Sample,样本,,2018-03-15
3287748,Sampling,抽样,,2018-03-15
3287749,Scab,工贼,,2018-03-15
3287750,Scale,尺度,,2018-03-15
3287751,Scarcity Principle,匮乏原则,,2018-03-15
3287752,Schedule of Reinforcement,增强时制,,2018-03-15
3287753,Schizophrenia,思觉失调症,,2018-03-15
3287754,School Counselor,学校咨商人员,,2018-03-15
3287755,School Guidance,学校辅导,,2018-03-15
3287756,School Lunch Program,学校午餐计划,,2018-03-15
3287757,School Phobia,学校恐惧症,,2018-03-15
3287758,School Social Work,学校社会工作,,2018-03-15
3287759,School Visit,学校访视,,2018-03-15
3287760,School-change Model,学校变迁模式,,2018-03-15
3287761,Seasonal Fluctuations,季节性波动,,2018-03-15
3287762,Secondary data Analysis,次级资料分析,,2018-03-15
3287763,Secondary Labor Market,次级劳动市场,,2018-03-15
3287764,Secondary Prevention,次级预防,,2018-03-15
3287765,Secondary Solidarity,次级团结；次级连带,,2018-03-15
3287766,Secondary Trauma,二次创伤,,2018-03-15
3287767,Sectarianism,宗派主义,,2018-03-15
3287768,Secularism,世俗主义,,2018-03-15
3287769,Secularization,世俗化,,2018-03-15
3287770,Selective Welfare Systems,选择式福利体系,,2018-03-15
3287771,Self-actualization,自我实现,,2018-03-15
3287772,self-assessment,自我评估,,2018-03-15
3287773,Self-awareness,自我觉察,,2018-03-15
3287774,Self-censorship,自我检查,,2018-03-15
3287775,Self-consciousness,自我意识,,2018-03-15
3287776,Self-determination,自决,,2018-03-15
3287777,Self-employed Workers,自营作业者,,2018-03-15
3287778,Self-help,自助,,2018-03-15
3287779,Self-help Group,自助团体,,2018-03-15
3287780,Self-help Housing,自助建屋,,2018-03-15
3287781,Self-inventory,自我分析表,,2018-03-15
3287782,Self-Invested Personal Pension,自行投资私人年金,,2018-03-15
3287783,Semi-structured Group,半结构性团体,,2018-03-15
3287784,Senior Service Center,老人服务中心,,2018-03-15
3287785,Senior Volunteer Service,老年志愿服务,,2018-03-15
3287786,Sense of Belongingness,归属感,,2018-03-15
3287787,Sense of Control,掌控感,,2018-03-15
3287788,Serious Offender,危险性犯罪人,,2018-03-15
3287789,Service Delivery System,服务输送体系,,2018-03-15
3287790,Service Integration,服务整合,,2018-03-15
3287791,Service User Partnership,服务使用者伙伴关系,,2018-03-15
3287792,Service Users,服务使用者,,2018-03-15
3287793,Settlement House,睦邻中心,,2018-03-15
3287794,Settlement Movement,睦邻运动,,2018-03-15
3287795,Sex Crimes,性犯罪,,2018-03-15
3287796,Sex Discrimination,性别歧视,,2018-03-15
3287797,Sexism,性歧视,,2018-03-15
3287798,Sexual Abuse,性虐待,,2018-03-15
3287799,Sexual Assault Crime,性侵害犯罪,,2018-03-15
3287800,Sexual Harassment,性骚扰,,2018-03-15
3287801,Sexual Orientation,性倾向,,2018-03-15
3287802,Sexual Violence,性暴力,,2018-03-15
3287803,Sexuality,性欲,,2018-03-15
3287804,Shared Appreciation Mortgages {=SAMs},共享增值抵押贷款,,2018-03-15
3287805,Sheltered Workshop,庇护工厂,,2018-03-15
3287806,Sickness Benefit,疾病给付,,2018-03-15
3287807,Sick-sick Fallacy,生病谬误,,2018-03-15
3287808,Sign Language,手语,,2018-03-15
3287809,Simple Portable Mental Status Questionnaire {=SPMSQ},简化版认知量表,,2018-03-15
3287810,Simulation,模拟,,2018-03-15
3287811,Single Subject Design,单案设计,,2018-03-15
3287812,Single-parent Family,单亲家庭,,2018-03-15
3287813,Lone-parent Family,单亲家庭,,2018-03-15
3287814,Sisterhood,姊妹情谊,,2018-03-15
3287815,Skeptic,怀疑论者,,2018-03-15
3287816,Skepticism,怀疑论,,2018-03-15
3287817,Skill Test,技能检定,,2018-03-15
3287818,Skilled Nursing Facility,技术性护理设施,,2018-03-15
3287819,Sliding Scale System,滑动工资制度,,2018-03-15
3287820,Slum,贫民区,,2018-03-15
3287821,Slum Redevelopment,贫民区重建,,2018-03-15
3287822,Small Group Theory,小团体理论,,2018-03-15
3287823,Smart Pension,智慧年金,,2018-03-15
3287824,Snowball Sampling,滚雪球取样,,2018-03-15
3287825,Social Action,社会行动,,2018-03-15
3287826,Social Activism,社会行动主义,,2018-03-15
3287827,Social Adjustment,社会调适,,2018-03-15
3287828,Social Administration,社会行政,,2018-03-15
3287829,Social Aid,社会援助,,2018-03-15
3287830,Social Assistance,社会救助,,2018-03-15
3287831,Social Capital,社会资本,,2018-03-15
3287832,Social Casework,社会个案工作,,2018-03-15
3287833,Social Change,社会变迁,,2018-03-15
3287834,Social Citizenship,社会公民权,,2018-03-15
3287835,Social Cohesion,社会凝聚,,2018-03-15
3287836,Social Construction,社会建构,,2018-03-15
3287837,Social Darwinism,社会达尔文主义,,2018-03-15
3287838,Social Defense,社会防卫,,2018-03-15
3287839,Social Deprivation,社会剥夺,,2018-03-15
3287840,Social Development,社会发展,,2018-03-15
3287841,Social Diagnosis,社会诊断,,2018-03-15
3287842,Social Differentiation,社会分化,,2018-03-15
3287843,Social Dishomogeneity,社会非同质性,,2018-03-15
3287844,Social Disorganization,社会解组,,2018-03-15
3287845,Social Distance Scale,社会距离量表,,2018-03-15
3287846,Social Dividend,社会股利,,2018-03-15
3287847,Social Dividend Taxation,社会股利税,,2018-03-15
3287848,Social Enterprises,社会企业,,2018-03-15
3287849,Social Entrepreneurship,社会企业精神,,2018-03-15
3287850,Social Exclusion,社会排除,,2018-03-15
3287851,Social Formation,社会形成,,2018-03-15
3287852,Social Group Work,社会团体工作,,2018-03-15
3287853,Social Guardians,社会监护人,,2018-03-15
3287854,Social Homogeneity,社会同质性,,2018-03-15
3287855,Social Inclusion,社会包容；社会融入,,2018-03-15
3287856,Social Indicator,社会指标,,2018-03-15
3287857,Social Indifference Function,社会无异函数,,2018-03-15
3287858,Social Insurance,社会保险,,2018-03-15
3287859,Social Integration,社会整合,,2018-03-15
3287860,Social Interaction,社会互动,,2018-03-15
3287861,Social Investment,社会投资,,2018-03-15
3287862,Social Justice,社会正义,,2018-03-15
3287863,Social Legislation,社会立法,,2018-03-15
3287864,Social Maladjustment,社会失调,,2018-03-15
3287865,Social Maturity Scale,社会成熟量表,,2018-03-15
3287866,Social Medicine,社会医学,,2018-03-15
3287867,Social Mobility,社会流动,,2018-03-15
3287868,Social Model,社会模型,,2018-03-15
3287869,Social Model of Disability,身障的社会模式,,2018-03-15
3287870,Social Movement,社会运动,,2018-03-15
3287871,Social Needs,社会需求,,2018-03-15
3287872,Social Partners,社会伙伴,,2018-03-15
3287873,Social Planning,社会计划,,2018-03-15
3287874,Social Polarisation,社会两极化,,2018-03-15
3287875,Social Policy,社会政策,,2018-03-15
3287876,Social Problem,社会问题,,2018-03-15
3287877,Social Process,社会过程,,2018-03-15
3287878,Social Progress through Community Development,社会进步经由社区发展,,2018-03-15
3287879,Social Reconstruction,社会重建,,2018-03-15
3287880,Social Reform,社会革新,,2018-03-15
3287881,Social Research,社会研究,,2018-03-15
3287882,Social Resilience,社会复原力,,2018-03-15
3287883,Social Resources,社会资源,,2018-03-15
3287884,Social Rights,社会权,,2018-03-15
3287885,Social Risks,社会风险,,2018-03-15
3287886,Social Security,社会安全,,2018-03-15
3287887,Social Service Exchange,社会服务交换所,,2018-03-15
3287888,Social Service Management,社会服务管理,,2018-03-15
3287889,Social Services,社会服务,,2018-03-15
3287890,Social Solidarity,社会连带；社会团结,,2018-03-15
3287891,Social Statistics,社会统计,,2018-03-15
3287892,Social Survey,社会调查,,2018-03-15
3287893,Social Welfare,社会福利,,2018-03-15
3287894,Social Welfare Financing,社会福利财务,,2018-03-15
3287895,Social Welfare Fund,社会福利基金,,2018-03-15
3287896,Social Welfare Privatization,社会福利民营化；社会福利私有化,,2018-03-15
3287897,Social Work,社会工作,,2018-03-15
3287898,Social Work Administration,社会工作行政,,2018-03-15
3287899,Social Work Education,社会工作教育,,2018-03-15
3287900,Social Work Interview,社会工作会谈,,2018-03-15
3287901,Social Work Management,社会工作管理,,2018-03-15
3287902,Social Work Research,社会工作研究,,2018-03-15
3287903,Social Work Supervision,社会工作督导,,2018-03-15
3287904,Social Work Theories,社会工作理论,,2018-03-15
3287905,Social Work with Families,家庭社会工作,,2018-03-15
3287906,Socialism,社会主义,,2018-03-15
3287907,Socialization,社会化,,2018-03-15
3287908,Socioeconomic Context,社经脉络,,2018-03-15
3287909,Sociometric Test,社会计量测验,,2018-03-15
3287910,Sociometry,社会计量学,,2018-03-15
3287911,Special School,特殊学校,,2018-03-15
3287912,Special Talent,特殊才能,,2018-03-15
3287913,Speech Therapy,语言治疗,,2018-03-15
3287914,Stakeholder Pensions,利害关系人年金,,2018-03-15
3287915,Stakeholder-based Analysis,利害关系人为基础的分析,,2018-03-15
3287916,Standard Deviation,标准差,,2018-03-15
3287917,Standard Occupational Classification,标准行业分类,,2018-03-15
3287918,State Earnings-Related Pension Scheme {=SERPS},国家所得相关年金制,,2018-03-15
3287919,State Pensions,国家年金,,2018-03-15
3287920,State Second Pension {=S2P},国家第二层年金,,2018-03-15
3287921,Statistical Association,统计关联,,2018-03-15
3287922,Statistical Methods,统计方法,,2018-03-15
3287923,Statistical Significance,统计显著性,,2018-03-15
3287924,Statutory Reserve Fund,法定预备基金,,2018-03-15
3287925,Stereotypes,刻板印象；定型,,2018-03-15
3287926,Stigma,烙印,,2018-03-15
3287927,Stratified Purposive Sampling,分层立意抽样,,2018-03-15
3287928,Stratified Sampling,分层抽样,,2018-03-15
3287929,Street Children,街头游童,,2018-03-15
3287930,Strengths Perspective,优势观点,,2018-03-15
3287931,Stress Management,压力管理,,2018-03-15
3287932,Strike,罢工,,2018-03-15
3287933,Strike Fund,罢工基金,,2018-03-15
3287934,Structural Family Theory,结构家族治疗,,2018-03-15
3287935,Structural Inequality,结构不均,,2018-03-15
3287936,Structural Social Work,结构社会工作,,2018-03-15
3287937,Structural Unemployment,结构性失业,,2018-03-15
3287938,Structured Group,结构性团体,,2018-03-15
3287939,Subculture Theory,次文化理论,,2018-03-15
3287940,Sub-group,次团体,,2018-03-15
3287941,Sublimation,升华,,2018-03-15
3287942,Subrogation,保险代位,,2018-03-15
3287943,Subsidiarity,辅助性,,2018-03-15
3287944,Subsidized Vacation,补助假期,,2018-03-15
3287945,Subsistence Income,维生所得,,2018-03-15
3287946,Substance Abuse,物质滥用,,2018-03-15
3287947,Substitution,替代作用,,2018-03-15
3287948,Substitutional Service,替代性服务,,2018-03-15
3287949,Substitutive Pattern,替代模式,,2018-03-15
3287950,Suicide,自杀,,2018-03-15
3287951,Sum Up System,通算制度{保险年资},,2018-03-15
3287952,Superego,超我,,2018-03-15
3287953,Supplemental Security Income {U.S.A.},补充安全收入{美国},,2018-03-15
3287954,Supplementary Service,补充性服务,,2018-03-15
3287955,Supportive Service,支持性服务,,2018-03-15
3287956,Suppression,压迫,,2018-03-15
3287957,Survivors,幸存者,,2018-03-15
3287958,Survivors’ Benefit,遗嘱给付,,2018-03-15
3287959,Suspended Sentence,缓刑,,2018-03-15
3287960,Sustainable Development,永续发展,,2018-03-15
3287961,Systematic Observation Method,系统观察法,,2018-03-15
3287962,Systems Theory,系统理论,,2018-03-15
3287963,Tandem Job System,二人一职制,,2018-03-15
3287964,Target Community,标的社区,,2018-03-15
3287965,Task Group,任务团体,,2018-03-15
3287966,Task-centered Approach,任务中心学派,,2018-03-15
3287967,Task-centered Methods,任务中心方法,,2018-03-15
3287968,Teenage parent,未成年父母,,2018-03-15
3287969,Teenage Pregnancy,未成年怀孕,,2018-03-15
3287970,Termination,结案,,2018-03-15
3287971,Tertiary Labor Market,三级劳动市场,,2018-03-15
3287972,Tertiary Prevention,三级预防,,2018-03-15
3287973,The Beveridge Report,贝佛里奇报告书,,2018-03-15
3287974,The Deprived Children,被剥夺的儿童,,2018-03-15
3287975,The Disadvantaged,弱势者,,2018-03-15
3287976,The People’s Pension,人民年金,,2018-03-15
3287977,The Seedbohm Report,西伯罕报告,,2018-03-15
3287978,The United Nations Children’s Funds,联合国儿童基金会,,2018-03-15
3287979,Theoretical Sampling,理论性取样,,2018-03-15
3287980,Theory Construction,理论建构,,2018-03-15
3287981,Therapeutic Community,治疗性社群,,2018-03-15
3287982,Therapeutic Factors,疗效因子,,2018-03-15
3287983,Therapeutic Interviews,治疗性会谈,,2018-03-15
3287984,Third Sector,第三部门,,2018-03-15
3287985,Time-series Analysis,时间序列分析,,2018-03-15
3287986,Token Economy,代币制,,2018-03-15
3287987,Total Fertility Rate {=TFR},总生育率,,2018-03-15
3287988,Toynbee Hall,汤恩比馆,,2018-03-15
3287989,Trade Union,工会,,2018-03-15
3287990,Traditional-clinical Model,传统临床模式,,2018-03-15
3287991,Traditionalism,传统主义,,2018-03-15
3287992,Training Allowance,训练生活津贴,,2018-03-15
3287993,Transactional Analysis Therapy,交流分析治疗,,2018-03-15
3287994,Transfer Payments,移转支出,,2018-03-15
3287995,Transference Reaction,转移作用,,2018-03-15
3287996,Transitional Community,过渡性社区,,2018-03-15
3287997,Transnational Social Work,跨国社会工作,,2018-03-15
3287998,Transnationalism,跨国主义,,2018-03-15
3287999,Trauma-informed Practice,创伤照顾实务工作,,2018-03-15
3288000,Travelers Aid,旅人服务,,2018-03-15
3288001,Treatment,处置；处遇,,2018-03-15
3288002,Treatment Group,治疗性团体,,2018-03-15
3288003,Trend Analysis,趋势分析,,2018-03-15
3288004,Triangulation,三角检视；三角检验,,2018-03-15
3288005,Truancy,逃学,,2018-03-15
3288006,Two-way Communication,双向沟通,,2018-03-15
3288007,Typical Case Sampling,典型个案取样,,2018-03-15
3288008,Typology,类型学,,2018-03-15
3288009,Uncertain Sentence,不定期刑,,2018-03-15
3288010,Underclass,底层阶级,,2018-03-15
3288011,Underemployment,低度就业,,2018-03-15
3288012,Unemployment,失业,,2018-03-15
3288013,Unemployment Benefit,失业给付,,2018-03-15
3288014,Unemployment Compensation,失业补偿,,2018-03-15
3288015,Unemployment Identification,失业认定,,2018-03-15
3288016,Unemployment Insurance,失业保险,,2018-03-15
3288017,Unemployment Rate,失业率,,2018-03-15
3288018,Unemployment Relief,失业救济,,2018-03-15
3288019,Unfunded Unapproved Retirement Benefit Schemes {=UURBS},基金未准备且未核准退休给付制,,2018-03-15
3288020,Unidimensional Scales,单向度量表,,2018-03-15
3288021,United Fund Community,社区联合基金,,2018-03-15
3288022,United Nations Economic and Social Council,联合国经济社会理事会,,2018-03-15
3288023,"United Nations Educational, Scientific and Cultural Organization",联合国教科文组织,,2018-03-15
3288024,United Way,联合劝募,,2018-03-15
3288025,Universal Declaration of Human Rights,世界人权宣言,,2018-03-15
3288026,Universal Pension,普及年金,,2018-03-15
3288027,Unmarried Mother,未婚妈妈,,2018-03-15
3288028,Urban Community,都市社区,,2018-03-15
3288029,Urban Redevelopment,都市再发展,,2018-03-15
3288030,Urban Renewal,都市更新,,2018-03-15
3288031,User-friendly Practice,友善使用者实务实施,,2018-03-15
3288032,User-led Policy,使用者主导政策,,2018-03-15
3288033,Utilitarianism,效用主义；功利主义,,2018-03-15
3288034,Validity,效度,,2018-03-15
3288035,Values in Social Work,社会工作价值,,2018-03-15
3288036,Variables,变项；变数,,2018-03-15
3288037,Varimax Sampling,最大变异抽样,,2018-03-15
3288038,Verstehen Method,理解法{德文},,2018-03-15
3288039,Veterans,荣民；退除役官兵,,2018-03-15
3288040,Vicarious Trauma,替代性创伤,,2018-03-15
3288041,Victim Assistance,受害者扶助,,2018-03-15
3288042,Victim Blaming,责难受害者,,2018-03-15
3288043,Blaming the Victim,责难受害者,,2018-03-15
3288044,Victim Compensation,被害人补偿,,2018-03-15
3288045,Victimless Crime,无被害者犯罪,,2018-03-15
3288046,Vienna International Plan of Action on Aging,高龄问题维也纳行动计划,,2018-03-15
3288047,Visiting Teacher,访问教师,,2018-03-15
3288048,Vocational Education,职业教育,,2018-03-15
3288049,Vocational Guidance,职业辅导,,2018-03-15
3288050,Vocational Rehabilitation,职业复健,,2018-03-15
3288051,Vocational Training,职业训练,,2018-03-15
3288052,Voluntarism,志愿主义,,2018-03-15
3288053,Voluntarization,志愿化,,2018-03-15
3288054,Voluntary Failure,志愿部门失灵,,2018-03-15
3288055,Voluntary Insurance,任意保险,,2018-03-15
3288056,Voluntary Sector,志愿部门,,2018-03-15
3288057,Voluntary Services,志愿服务,,2018-03-15
3288058,Volunteerism,志工主义,,2018-03-15
3288059,Voter Registration,选名登记,,2018-03-15
3288060,Vouchers,抵用券,,2018-03-15
3288061,Vulnerability,脆弱性,,2018-03-15
3288062,Wage for Prisoner,劳作金,,2018-03-15
3288063,Wage Support,薪资支持,,2018-03-15
3288064,Wages,工资,,2018-03-15
3288065,Waiting Period,等待期,,2018-03-15
3288066,Wandel Report,王德尔报告书,,2018-03-15
3288067,Wastees,下脚,,2018-03-15
3288068,Weekend Confinement,周末监禁,,2018-03-15
3288069,Weekend Supervision,假日辅导,,2018-03-15
3288070,Welfare Bureaucrats,福利官僚,,2018-03-15
3288071,Welfare Capitalism,福利资本主义,,2018-03-15
3288072,Welfare Dependency,福利依赖,,2018-03-15
3288073,Welfare Indicator,福利指标,,2018-03-15
3288074,Welfare Magnet Theory,福利磁吸理论,,2018-03-15
3288075,Welfare Mentality,福利心智；福利心态,,2018-03-15
3288076,Welfare Mix,福利混合,,2018-03-15
3288077,Welfare Pluralism,福利多元主义,,2018-03-15
3288078,Welfare Right,福利权,,2018-03-15
3288079,Welfare Society,福利社会,,2018-03-15
3288080,Welfare State,福利国家,,2018-03-15
3288081,White Cane,白手杖,,2018-03-15
3288082,White House Conference on Aging,白宫老人会议,,2018-03-15
3288083,White House Conference on Children,白宫儿童福利会议,,2018-03-15
3288084,White-collar Crime,白领犯罪,,2018-03-15
3288085,White-collar Worker,白领劳工,,2018-03-15
3288086,Widow’s Pension,寡妇年金,,2018-03-15
3288087,Womanism,有色人种女性主义,,2018-03-15
3288088,Women’s Association,妇女会,,2018-03-15
3288089,Women’s Movement,妇女运动,,2018-03-15
3288090,Women-only Group,妇女专属团体,,2018-03-15
3288091,Work Ethics,工作伦理,,2018-03-15
3288092,Work Experience Program,工作经验方案,,2018-03-15
3288093,Work Injury Compensation Insurance,职业灾害保险,,2018-03-15
3288094,Work Participation Rate,劳动参与率,,2018-03-15
3288095,Work Release Program,监外作业,,2018-03-15
3288096,Worker-client Relationship,工作者与案主关系,,2018-03-15
3288097,Workers’ Compensation,职业灾害补偿,,2018-03-15
3288098,Workers’ Education,劳工教育,,2018-03-15
3288099,Workfare,工作福利,,2018-03-15
3288100,Workhouse,习艺所,,2018-03-15
3288101,Work-incentive Plan,工作激励计划,,2018-03-15
3288102,Working Families Tax Credit,就业家庭税赋减免,,2018-03-15
3288103,Working Poor,工作贫穷者；在职贫穷者,,2018-03-15
3288104,Workplace Democracy,职场民主,,2018-03-15
3288105,Work-study Program,工读方案,,2018-03-15
3288106,World Assembly on Aging,高龄议题世界大会,,2018-03-15
3288107,World Employment Program,世界就业方案,,2018-03-15
3288108,World Health Organization,世界卫生组织,,2018-03-15
3288109,World Summit for Social Development,联合国社会发展高峰会议,,2018-03-15
3288110,Yellow-dog Contract,黄狗契约,,2018-03-15
3288111,Young Carers,儿少照顾者,,2018-03-15
3288112,Young Men’s Christian Association,基督教青年会,,2018-03-15
3288113,Young Women’s Christian Association,基督教女青年会,,2018-03-15
3288114,Youth Hostel,青年旅舍；青年中心,,2018-03-15
3288115,Youth Unemployment,青年失业,,2018-03-15
3288116,Zero Population Growth,人口零成长,,2018-03-15
3288117,Zero-based Budgeting,零基预算,,2018-03-15
3288118,Zero-sum Dynamics,零和动力,,2018-03-15
3288119,Zonta,崇她社,,2018-03-15
