ID,英文名稱,中文名稱,圖片,原子序,符號,音,讀,更新日期
530778,hydrogen,氢,,1,H,ㄑㄧㄥ,轻,2023-01-17
530779,helium,氦,,2,He,ㄏㄞˋ,亥,2023-01-17
530780,lithium,锂,,3,Li,ㄌㄧˇ,里,2023-01-17
530781,beryllium,铍,,4,Be,ㄆㄧˊ,皮,2023-01-17
530782,boron,硼,,5,B,ㄆㄥˊ,朋,2023-01-17
530783,carbon,碳,,6,C,ㄊㄢˋ,炭,2023-01-17
530784,nitrogen,氮,,7,N,ㄉㄢˋ,淡,2023-01-17
530785,oxygen,氧,,8,O,ㄧㄤˇ ,养,2023-01-17
530786,fluorine,氟,,9,F,ㄈㄨˊ ,弗,2023-01-17
530787,neon,氖,,10,Ne,ㄋㄞˇ,乃,2023-01-17
530788,sodium,钠,,11,Na ,ㄋㄚˋ,纳,2023-01-17
530789,magnesium,镁,,12,Mg,ㄇㄟˇ,美,2023-01-17
530790,aluminium; aluminum*,铝,,13,Al ,ㄌㄩˇ,吕,2023-01-17
530791,silicon,矽,,14,Si,ㄒㄧˋ,夕,2023-01-17
530792,phosphorus,磷,,15,P,ㄌㄧㄣˊ ,邻,2023-01-17
530793,sulfur,硫,,16,S,ㄌㄧㄡˊ,流,2023-01-17
530794,chlorine,氯,,17,Cl,ㄌㄩˋ ,绿,2023-01-17
530795,argon,氩,,18,Ar,ㄧㄚˇ,亚,2023-01-17
530796,potassium,钾,,19,K,ㄐㄧㄚˇ,甲,2023-01-17
530797,calcium,钙,,20,Ca,ㄍㄞˋ ,丐,2023-01-17
530798,scandium,钪,,21,Sc,ㄎㄤˋ ,亢,2023-01-17
530799,titanium,钛,,22,Ti,ㄊㄞˋ ,太,2023-01-17
530800,vanadium,钒,,23,V,ㄈㄢˊ ,凡,2023-01-17
530801,chromium,铬,,24,Cr,ㄍㄜˋ ,各,2023-01-17
530802,manganese,锰,,25,Mn,ㄇㄥˇ,猛,2023-01-17
530803,iron,铁,,26,Fe,ㄊㄧㄝˇ ,帖,2023-01-17
530804,cobalt,钴,,27,Co,ㄍㄨ,姑,2023-01-17
530805,nickel,镍,,28,Ni,ㄋㄧㄝˋ,臬,2023-01-17
530806,copper,铜,,29,Cu,ㄊㄨㄥˊ ,同,2023-01-17
530807,zinc,锌 ,,30,Zn,ㄒㄧㄣ,辛,2023-01-17
530808,gallium,镓,,31,Ga,ㄐㄧㄚ,家,2023-01-17
530809,germanium,锗,,32,Ge,ㄓㄜˇ ,者,2023-01-17
530810,arsenic,砷,,33,As,ㄕㄣ,申,2023-01-17
530811,selenium,硒,,34,Se,ㄒㄧ,西,2023-01-17
530812,bromine,溴,,35,Br,ㄒㄧㄡˋ,嗅,2023-01-17
530813,krypton,氪,,36,Kr,ㄎㄜˋ ,克,2023-01-17
530814,rubidium,铷,,37,Rb,ㄖㄨˊ,如,2023-01-17
530815,strontium,锶,,38,Sr,ㄙ,思,2023-01-17
530816,yttrium,钇,,39,Y,ㄧˇ,乙,2023-01-17
530817,zirconium,锆,,40,Zr,ㄍㄠˋ,告,2023-01-17
530818,niobium,铌,,41,Nb,ㄋㄧˊ,尼,2023-01-17
530819,molybdenum; molybdenium*,钼,,42,Mo,ㄇㄨˋ,目,2023-01-17
530820,technetium; technium*,𨱏,,43,Tc,ㄊㄚˇ ,塔,2023-01-17
530821,ruthenium,钌,,44,Ru,ㄌㄧㄠˇ,了,2023-01-17
530822,rhodium,铑,,45,Rh,ㄌㄠˇ,老,2023-01-17
530823,palladium,钯,,46,Pd,ㄅㄚ ,巴,2023-01-17
530824,silver,银,,47,Ag,ㄧㄣˊ ,吟,2023-01-17
530825,cadmium,镉,,48,Cd,ㄍㄜˊ,隔,2023-01-17
530826,indium,铟,,49,In,ㄧㄣ,因,2023-01-17
530827,tin,锡,,50,Sn,ㄒㄧˊ,席,2023-01-17
530828,antimony,锑,,51,Sb,ㄊㄧˋ,替,2023-01-17
530829,tellurium,碲,,52,Te,ㄉㄧˋ,帝,2023-01-17
530830,iodine,碘,,53,I,ㄉㄧㄢˇ,典,2023-01-17
530831,xenon,氙,,54,Xe,ㄒㄧㄢ,仙,2023-01-17
530832,caesium; cesium* ,铯,,55,Cs,ㄙㄜˋ,色,2023-01-17
530833,barium,钡,,56,Ba,ㄅㄟˋ,贝,2023-01-17
530834,lanthanum,镧,,57,La,ㄌㄢˊ,兰,2023-01-17
530835,cerium,铈,,58,Ce,ㄕˋ,市,2023-01-17
530836,praseodymium,镨,,59,Pr,ㄆㄨˇ,普,2023-01-17
530837,neodymium,钕,,60,Nd,ㄋㄩˇ,女,2023-01-17
530838,promethium,钷,,61,Pm,ㄆㄛˇ,叵,2023-01-17
530839,samarium,钐,,62,Sm,ㄕㄢ,杉,2023-01-17
530840,europium,铕,,63,Eu,ㄧㄡˇ,有,2023-01-17
530841,gadolinium,钆,,64,Gd,ㄍㄚˊ,轧,2023-01-17
530842,terbium,铽,,65,Tb,ㄊㄜˋ,特,2023-01-17
530843,dysprosium,镝,,66,Dy,ㄉㄧ,滴,2023-01-17
530844,holmium,钬,,67,Ho,ㄏㄨㄛˇ,火,2023-01-17
530845,erbium,铒,,68,Er,ㄦˇ,耳,2023-01-17
530846,thulium,铥,,69,Tm,ㄉㄧㄡ,丢,2023-01-17
530847,ytterbium,镱,,70,Yb,ㄧˋ,意,2023-01-17
530848,lutetium,镏,,71,Lu,ㄌㄧㄡˊ,留,2023-01-17
530849,hafnium,铪,,72,Hf,ㄏㄚ,哈,2023-01-17
530850,tantalum,钽,,73,Ta,ㄉㄢˋ,旦,2023-01-17
530851,tungsten,钨,,74,W,ㄨ,乌,2023-01-17
530852,rhenium,铼,,75,Re,ㄌㄞˊ,来,2023-01-17
530853,osmium,锇,,76,Os,ㄜˊ,娥,2023-01-17
530854,iridium,铱,,77,Ir,ㄧ,衣,2023-01-17
530855,platinum; platinium*,铂,,78,Pt,ㄅㄛˊ,伯,2023-01-17
530856,gold,金,,79,Au,ㄐㄧㄣ,今,2023-01-17
530857,mercury,汞,,80,Hg,ㄍㄨㄥˇ,拱,2023-01-17
530858,thallium,铊,,81,Tl,ㄊㄚ,他,2023-01-17
530859,lead,铅,,82,Pb,ㄑㄧㄢ,千,2023-01-17
530860,bismuth,铋,,83,Bi,ㄅㄧˋ,必,2023-01-17
530861,polonium,钋,,84,Po,ㄆㄛˋ,破,2023-01-17
530862,astatine,砈,,85,At,ㄜˋ,厄,2023-01-17
530863,radon,氡,,86,Rn,ㄉㄨㄥ,冬,2023-01-17
530864,francium,钫,,87,Fr,ㄈㄚˇ,法,2023-01-17
530865,radium,镭,,88,Ra,ㄌㄟˊ,雷,2023-01-17
530866,actinium,锕,,89,Ac,ㄚ,阿,2026-07-06
530867,thorium,钍,,90,Th,ㄊㄨˇ,土,2023-01-17
530868,protactinium,镤,,91,Pa,ㄆㄨˊ,仆,2023-01-17
530869,uranium,铀,,92,U,ㄧㄡˋ,又,2023-01-17
530870,neptunium,镎,,93,Np,ㄋㄞˋ,奈,2023-01-17
530871,plutonium,钸,,94,Pu,ㄅㄨˋ,布,2023-01-17
530872,americium,𰾄,,95,Am,ㄇㄟˊ,梅,2023-01-17
530873,curium,锔,,96,Cm,ㄐㄩˊ,局,2023-01-17
530874,berkelium,锫,,97,Bk,ㄅㄟˇ,北,2023-01-17
530875,californium,鉲,,98,Cf,ㄎㄚˇ,卡,2023-01-17
530876,einsteinium,𰾭,,99,Es,ㄞˋ,爱,2023-01-17
530877,fermium,镄,,100,Fm,ㄈㄟˋ,费,2023-01-17
530878,mendelevium,钔,,101,Md,ㄇㄣˊ,门,2023-01-17
530879,nobelium,锘,,102,No,ㄋㄨㄛˋ,诺,2023-01-17
530880,lawrencium,铹,,103,Lr,ㄌㄠˊ,劳,2023-01-17
530881,rutherfordium,𬬻,,104,Rf,ㄌㄨˊ,卢,2023-01-17
530882,dubnium,𬭊,,<p>105</p>,<p>Db</p>,<p>ㄉㄨˋ</p>,<p>杜</p>,2025-05-14
530883,seaborgium,𬭳,,<p>106</p>,<p>Sg</p>,<p>ㄒㄧˇ</p>,<p>喜</p>,2025-05-14
530884,bohrium,𬭛,,<p>107</p>,<p>Bh</p>,<p>ㄆㄛ</p>,<p>波</p>,2025-05-14
530885,hassium,𬭶,,<p>108</p>,<p>Hs</p>,<p>ㄏㄟ</p>,<p>黑</p>,2025-05-14
530886,meitnerium,鿏,,<p>109</p>,<p>Mt</p>,<p>ㄇㄞˋ</p>,<p>麦</p>,2025-05-14
530887,darmstadtium,𫟼,,110,Ds,ㄉㄚˊ,达,2023-01-17
530888,roentgenium,𬬭,,111,Rg,ㄌㄨㄣˊ,仑,2023-01-17
927020,copernicium,鿔,,112,Cn,ㄍㄜ,哥,2023-01-17
1731437,nihonium,鉨,,<p>113</p>,<p>Nh</p>,<p>ㄋㄧˇ</p>,<p>你</p>,2026-07-06
1731438,flerovium,𫓧,,<p>114</p>,<p>Fl</p>,<p>ㄈㄨ</p>,<p>夫</p>,2026-07-06
3036490,moscovium,镆,,<p>115</p>,<p>Mc</p>,<p>ㄇㄛˋ</p>,<p>莫</p>,2026-07-06
3036491,livermorium,𫟷,,<p>116</p>,<p>Lv</p>,<p>ㄌㄧˋ</p>,<p>立</p>,2026-07-06
3036492,tennessine,鿬,,<p>117</p>,<p>Ts</p>,<p>ㄊㄧㄢˊ</p>,<p>田</p>,2025-05-14
3036493,oganesson,鿫,,<p>118</p>,<p>Og</p>,<p>ㄠˋ</p>,<p>澳</p>,2025-05-14
