ID,英文詞彙,中文詞彙,審譯日期,更新日期
21403052,abaculus,马赛克瓷砖,114.08.30,2026-06-29
21403053,abamurus,扶壁,114.08.30,2026-06-29
21403054,abandonment,废除,114.08.30,2026-06-29
21403055,abatement,减量,114.08.30,2026-06-29
21403056,abatson,反音板,114.08.30,2026-06-29
21403057,abatvent,破风板；挡风板,114.08.30,2026-06-29
21403058,abatvoix,吸音板,114.08.30,2026-06-29
21403059,ability-to-repay rule,偿还能力规则,113.10.01,2026-06-29
21403060,above finished floor (AFF),楼板完成面以上；楼板装修面以上,115.05.05,2026-06-29
21403061,above ground level (AGL),地面以上,115.05.05,2026-06-29
21403062,absentee owner,非自住所有权人,114.08.30,2026-06-29
21403063,absolute auction,无保留价拍卖；绝对拍卖,115.05.05,2026-06-29
21403064,absolute coordinate,绝对坐标,115.05.05,2026-06-29
21403065,absolute filtration rating,绝对过滤等级,114.08.30,2026-06-29
21403066,absolute obligation,绝对责任；无过失责任,114.08.30,2026-06-29
21403067,absolute manometer,绝对压力计,115.05.05,2026-06-29
21403068,absorbency,吸收性;吸收能力,115.05.05,2026-06-29
21403069,absorbent separator,吸收式隔离层；吸收式分离器,115.05.05,2026-06-29
21403070,absorbing drain,吸附式排水,115.05.05,2026-06-29
21403071,abstract of bids,投标摘要表;开标纪录表,115.05.05,2026-06-29
21403072,abuttal,邻接;地界,115.05.05,2026-06-29
21403073,Abyssinian well,管井；阿比西尼亚井,115.05.05,2026-06-29
21403074,accelerated curing,加速养护,115.05.05,2026-06-29
21403075,accelerated delivery,快速交付,115.05.05,2026-06-29
21403076,accelerated depreciation,加速折旧,115.05.05,2026-06-29
21403077,accelerated life test (ALT),加速寿命试验,115.05.05,2026-06-29
21403078,accelerated service test (AST),加速服役试验；加速寿命试验,115.05.05,2026-06-29
21403079,accelerated weathering test,加速耐候试验；加速风化试验,115.05.05,2026-06-29
21403080,acceleration clause,加速还款条款,115.05.05,2026-06-29
21403081,acceleration stress,加速应力,115.05.05,2026-06-29
21403082,accent tile,点缀砖；装饰砖,115.05.05,2026-06-29
21403083,acceptance,验收；允收,115.05.05,2026-06-29
21403084,acceptance plan,验收计划,115.05.05,2026-06-29
21403085,accepted bid,得标,115.05.05,2026-06-29
21403086,accepted engineering practice (AEP),工程惯例,115.05.05,2026-06-29
21403087,access eye,清洁口,115.05.05,2026-06-29
21403088,access floor,高架地板；活动地板,114.08.30,2026-06-29
21403089,access opening,出入开孔；维修孔；清洁孔,114.08.30,2026-06-29
21403090,accession,并入产权；附合取得,115.05.05,2026-06-29
21403091,accessory apartment,附属住宅单元；附属公寓,115.05.05,2026-06-29
21403092,accessory dwelling unit (ADU),附属住宅单元,115.05.05,2026-06-29
21403093,acclivity,上坡,115.05.05,2026-06-29
21403094,accommodation bridge,通行便桥;空桥,115.05.05,2026-06-29
21403095,accordion door,折叠门；手风琴门,115.05.05,2026-06-29
21403096,account receivable,应收帐款,115.05.05,2026-06-29
21403097,accrued asset,应计资产,115.05.05,2026-06-29
21403098,accrued depreciation,应计折旧,115.05.05,2026-06-29
21403099,accrued expense,应计费用,115.05.05,2026-06-29
21403100,accrued interest,应计利息,115.05.05,2026-06-29
21403101,accrued liability,应计负债,115.05.05,2026-06-29
21403102,accrued revenue,应计营收,115.05.05,2026-06-29
21403103,accumulated depreciation,累计折旧,115.05.05,2026-06-29
21403104,acetylene cylinder,乙炔钢瓶；乙炔筒,115.05.05,2026-06-29
21403105,acid attack,酸腐蚀,115.05.05,2026-06-29
21403106,acid etched glass,酸蚀玻璃,115.05.05,2026-06-29
21403107,acid pickling,酸洗,115.05.05,2026-06-29
21403108,acid polishing,酸磨光；酸抛光,115.05.05,2026-06-29
21403109,Ackerman steering,阿克曼转向,115.05.05,2026-06-29
21403110,acoustic absorptivity,吸音率；吸音性,115.05.05,2026-06-29
21403111,acoustic batt,隔音材,114.08.30,2026-06-29
21403112,acoustic ceiling board,吸音天花板,115.05.05,2026-06-29
21403113,acoustic construction,声学工程,115.05.05,2026-06-29
21403114,acoustic panel,吸音板,115.05.05,2026-06-29
21403115,acoustic plaster,吸音胶泥；吸音石膏,115.05.05,2026-06-29
21403116,acoustic tile,吸音砖,115.05.05,2026-06-29
21403117,acoustic transmission factor,传声因子,115.05.05,2026-06-29
21403118,acoustics,声学,114.08.30,2026-06-29
21403119,acroter,建筑顶端饰物；山墙饰物,115.05.05,2026-06-29
21403120,acrow prop,可调式钢管支撑,114.08.30,2026-06-29
21403121,acrylic lacquer paint,压克力漆,114.08.30,2026-06-29
21403122,actinic glass,光化玻璃,115.05.05,2026-06-29
21403123,actinic screen,光化屏幕,115.05.05,2026-06-29
21403124,action level,行动值,115.05.05,2026-06-29
21403125,activated aluminum,活性氧化铝；活性矾土,115.05.05,2026-06-29
21403126,activity oriented system,作业导向系统；活动导向系统,115.05.05,2026-06-29
21403127,actual cash value (ACV),实际现金价值,115.05.05,2026-06-29
21403128,actual eviction,实质驱离；强制驱离,115.05.05,2026-06-29
21403129,actual productive time,实际生产时间,115.05.05,2026-06-29
21403130,actuator,致动器；驱动器,115.05.05,2026-06-29
21403131,acultural vibration,非寻常振动,115.05.05,2026-06-29
21403132,ad valorem,从价,115.05.05,2026-06-29
21403133,ad valorem tax,从价税,115.05.05,2026-06-29
21403134,additive alternate,加项替代方案,115.05.05,2026-06-29
21403135,additive constant,加常数,115.05.05,2026-06-29
21403136,add-on interest,附加利息；加息,115.05.05,2026-06-29
21403137,addressable system,可定址系统,115.05.05,2026-06-29
21403138,adfreezing,黏冰作用；冰结,115.05.05,2026-06-29
21403139,adhesion failure,黏著失效；界面破坏,115.05.05,2026-06-29
21403140,adhesive rupture,黏著破裂,115.05.05,2026-06-29
21403141,adhesive strength,黏著强度,115.05.05,2026-06-29
21403142,adit,横坑,114.08.30,2026-06-29
21403143,adjoining owner,邻接土地所有权人,115.05.05,2026-06-29
21403144,adjustable attachment,可调式配件,115.05.05,2026-06-29
21403145,adjustable clamp,可调式夹具,115.05.05,2026-06-29
21403146,adjustable clevis hanger,可调式U型吊架,114.08.30,2026-06-29
21403147,adjustable rate mortgage (ARM),可调利率抵押贷款,113.10.01,2026-06-29
21403148,adjustable single-post shore,可调式单管支撑,115.05.05,2026-06-29
21403149,adjustable torque arm,可调式扭力臂,115.05.05,2026-06-29
21403150,adjustable wrench,活动扳手,115.05.05,2026-06-29
21403151,adjusted cost base (ACB),调整后成本基础,115.05.05,2026-06-29
21403152,adjusted tax basis,调整后课税基础,115.05.05,2026-06-29
21403153,adjuster,调节器；理赔员{保险},115.05.05,2026-06-29
21403154,admissible load,容许载重,115.05.05,2026-06-29
21403155,adsorber,吸附材料；吸附器,115.05.05,2026-06-29
21403156,advance splicer,管件接合器,115.05.05,2026-06-29
21403157,advanced regeneration,预进更新{林业}；先进再生,115.05.05,2026-06-29
21403158,advance-slope grouting,坡面灌浆；边坡前置灌浆,115.05.05,2026-06-29
21403159,adverse crown,反向路拱,115.05.05,2026-06-29
21403160,adverse slope,逆坡;反向坡,115.05.05,2026-06-29
21403161,aerial attack,空投灭火,115.05.05,2026-06-29
21403162,aerial work platform,高空作业车；高空作业平台,115.05.05,2026-06-29
21403163,aerocrete,加气混凝土,115.05.05,2026-06-29
21403164,Aerodynamics,空气动力学,115.05.05,2026-06-29
21403165,aerological investigation,气象调查,115.05.05,2026-06-29
21403166,affidavit,切结书,115.05.05,2026-06-29
21403167,affidavit of claim,索赔声明书；债权声明书,115.05.05,2026-06-29
21403168,affine strain,均匀应变,115.05.05,2026-06-29
21403169,A-frame,A型架构,115.05.05,2026-06-29
21403170,aft batter,后倾斜桩,115.05.05,2026-06-29
21403171,afterburner,后燃器,115.05.05,2026-06-29
21403172,afterglow,余烬,115.05.05,2026-06-29
21403173,age class,龄级,115.05.05,2026-06-29
21403174,age hardening,时效硬化,115.05.05,2026-06-29
21403175,aged residue (AR),老化残留｛沥青黏度等级｝,115.05.05,2026-06-29
21403176,aggregate base course (ABC),级配粒料底层｛道路｝,115.05.05,2026-06-29
21403177,aggregate bridging,骨材桥接｛混凝土｝,115.05.05,2026-06-29
21403178,aggregate cement ratio,骨材水泥比,115.05.05,2026-06-29
21403179,aggregate crushing value (ACV),骨材压碎值,115.05.05,2026-06-29
21403180,aggregate finish,骨材饰面,115.05.05,2026-06-29
21403181,aggregate limit of liability,赔偿限额总额｛保险｝,115.05.05,2026-06-29
21403182,aggregate operations liability,营运责任总额｛保险｝,115.05.05,2026-06-29
21403183,aggregated shipment,集运｛物流｝,115.05.05,2026-06-29
21403184,A-glass fiber,含碱玻璃纤维；A型玻璃纤维,115.05.05,2026-06-29
21403185,agroforestry,混农林业；农业森林学,115.05.05,2026-06-29
21403186,air atomization,空气雾化；气体雾化,115.05.05,2026-06-29
21403187,air blown asphalt,吹制沥青；气炼沥青,115.05.05,2026-06-29
21403188,air blown mortar,喷射砂浆；喷浆,115.05.05,2026-06-29
21403189,air bomb aging,加速老化,115.05.05,2026-06-29
21403190,air box,风箱；空气盒子,115.05.05,2026-06-29
21403191,air breather,呼吸阀；气阀,115.05.05,2026-06-29
21403192,air change,换气,115.05.05,2026-06-29
21403193,air changes per hour (ACH),换气率；每小时换气次数,115.05.05,2026-06-29
21403194,air check,截气阀,115.05.05,2026-06-29
21403195,air circulation,空气循环,115.05.05,2026-06-29
21403196,air classification,空气分类；空气分级,115.05.05,2026-06-29
21403197,air cleaner,空气清净机,115.05.05,2026-06-29
21403198,air contaminants,空气污染物,115.05.05,2026-06-29
21403199,air control suspension system,空气悬吊系统；气压控制悬吊系统,115.05.05,2026-06-29
21403200,air cooler,空气冷却器,115.05.05,2026-06-29
21403201,air cushion blasting,气垫爆破,115.05.05,2026-06-29
21403202,air detrainer,除气剂｛混凝土｝,115.05.05,2026-06-29
21403203,air detraining compound,除气剂｛混凝土｝,115.05.05,2026-06-29
21403204,air diffuser,空气扩散器；送风口,115.05.05,2026-06-29
21403205,air door,气门；气帘,115.05.05,2026-06-29
21403206,air drill,气动钻；气钻,115.05.05,2026-06-29
21403207,air dry loss,气干损失,115.05.05,2026-06-29
21403208,air emission,空气排放,115.05.05,2026-06-29
21403209,air escape,泄气阀,115.05.05,2026-06-29
21403210,air excavation,气动挖掘,115.05.05,2026-06-29
21403211,air grating,通风格栅,115.05.05,2026-06-29
21403212,air injection,空气喷射,115.05.05,2026-06-29
21403213,air jam,气动塞,115.05.05,2026-06-29
21403214,air leg,气腿｛钻机｝,115.05.05,2026-06-29
21403215,air leveling valve,空气水平阀,115.05.05,2026-06-29
21403216,air maintenance device (AMD),空气维护装置,115.05.05,2026-06-29
21403217,air motor,气动马达,115.05.05,2026-06-29
21403218,air oven aging,热空气老化；空气烘箱老化,115.05.05,2026-06-29
21403219,air pocket,气孔｛混凝土｝,115.05.05,2026-06-29
21403220,air register,空气调节器；风量调节器,115.05.05,2026-06-29
21403221,air reservoir,储气筒,115.05.05,2026-06-29
21403222,air restrictor,空气限制器；节气器,115.06.02,2026-06-29
21403223,air ride suspension,空气悬吊；气压悬吊,115.05.05,2026-06-29
21403224,air shifting,空气置换,115.06.02,2026-06-29
21403225,air slack,黏土潮解,115.06.02,2026-06-29
21403226,air suspension,空气悬吊；气压悬吊,115.05.05,2026-06-29
21403227,airchord,开关门控细绳,115.05.05,2026-06-29
21403228,air-cooled engine,气冷式引擎,115.05.05,2026-06-29
21403229,air-ground detection,空地侦测,115.05.05,2026-06-29
21403230,air-ride suspension,空气悬吊；气压悬吊,115.06.02,2026-06-29
21403231,airshaft,通气井,115.06.02,2026-06-29
21403232,airtight,气密,115.06.02,2026-06-29
21403233,Allen key,艾伦扳手；内六角扳手；六角匙,115.06.02,2026-06-29
21403234,all-in contract,总包契约,114.08.30,2026-06-29
21403235,allot,分配,115.05.05,2026-06-29
21403236,allowable compressive strength,容许抗压强度,114.08.30,2026-06-29
21403237,allowable tensile stress,容许张应力；容许拉应力,114.08.30,2026-06-29
21403238,aluminum extrusion,铝挤型,114.08.30,2026-06-29
21403239,aluminum slat ceiling,铝企口天花,114.08.30,2026-06-29
21403240,ambient lighting,环境照明,115.06.02,2026-06-29
21403241,amenity embankment,休憩堤岸；亲水护岸,114.08.30,2026-06-29
21403242,ammonium nitrate prill (AN prill),硝酸铵颗粒,115.06.02,2026-06-29
21403243,amount financed,融资额,113.10.01,2026-06-29
21403244,amount subject,预期损失价值｛保险｝,115.06.02,2026-06-29
21403245,amphitheater,露天剧场,115.06.02,2026-06-29
21403246,anchor bearing plate,锚碇承压钣,115.06.02,2026-06-29
21403247,anchor hitch,锚结；系船结,114.08.30,2026-06-29
21403248,andesite,安山岩,114.08.30,2026-06-29
21403249,andiron,壁炉柴架,115.06.02,2026-06-29
21403250,angle,角铁；角钢｛钢结构｝,115.05.05,2026-06-29
21403251,angle brace,角撑,115.06.02,2026-06-29
21403252,angle of internal friction,内摩擦角,114.08.30,2026-06-29
21403253,angle of lay,铺设角,115.06.02,2026-06-29
21403254,angle of wrap,接触角,115.06.02,2026-06-29
21403255,angle post,角柱,115.06.02,2026-06-29
21403256,angle rib,角肋,115.06.02,2026-06-29
21403257,angle staff,护角条,115.06.02,2026-06-29
21403258,angle tie,角系材,115.06.02,2026-06-29
21403259,angle tile,转角砖,115.06.02,2026-06-29
21403260,angle trowel,角镘刀,115.06.02,2026-06-29
21403261,angstrom,埃｛长度单位｝,115.06.02,2026-06-29
21403262,angularity,棱角性；倾斜度,115.06.02,2026-06-29
21403263,angularity number,棱角数,115.06.02,2026-06-29
21403264,angulated roping,成角系索；倾角系索,115.06.02,2026-06-29
21403265,animal glue,动物胶,115.06.02,2026-06-29
21403266,annealed steel,韧钢；退火钢,114.08.30,2026-06-29
21403267,annex,附属建物,115.05.05,2026-06-29
21403268,anticline,背斜层,114.08.30,2026-06-29
21403269,anti-mildew emulsion paint,防霉乳胶漆,114.08.30,2026-06-29
21403270,appraisal fee,鉴价费,113.10.01,2026-06-29
21403271,areostyle,4倍柱径以上间距排列｛古建筑｝；宽柱式,115.05.05,2026-06-29
21403272,articulated truck,铰接式卡车,114.08.30,2026-06-29
21403273,artificial turf,人工草皮,114.08.30,2026-06-29
21403274,asphaltic concrete friction course (ACFC),沥青混凝土摩擦层；沥青混凝土磨耗层,114.08.30,2026-06-29
21403275,assemble,组装；组立；组合,115.05.05,2026-06-29
21403276,assisting inspection personnel,协验人员,115.05.05,2026-06-29
21403277,assumable mortgage,可承担抵押贷款；可转让贷款,114.08.30,2026-06-29
21403278,at grade (A/G),同一平面；地面,114.08.30,2026-06-29
21403279,at-grade section,地面段,115.05.05,2026-06-29
21403280,attrition test,磨损试验,115.05.05,2026-06-29
21403281,audit conclusion,稽核结论,115.05.05,2026-06-29
21403282,audit criteria,稽核准则,115.05.05,2026-06-29
21403283,audit evidence,稽核证据,115.05.05,2026-06-29
21403284,audit finding,稽核发现,115.05.05,2026-06-29
21403285,audit plan,稽核计划,115.05.05,2026-06-29
21403286,audit programme,稽核计划；稽核方案,115.05.05,2026-06-29
21403287,audit scope,稽核范围,115.05.05,2026-06-29
21403288,audit team,稽核小组,115.05.05,2026-06-29
21403289,auditee,受稽核者,115.05.05,2026-06-29
21403290,authorized base price,授权底价；核定底价,115.05.05,2026-06-29
21403291,award of contract,决标,115.05.05,2026-06-29
21403292,awarded contract amount,决标金额,115.05.05,2026-06-29
21403293,bachelor dwelling unit (BDU),套房；单人型住宅单元,115.05.05,2026-06-29
21403294,back pay,补发薪资,115.05.05,2026-06-29
21403295,back-end system,后端处理系统,115.05.05,2026-06-29
21403296,backyard cottage,附属住宅单元；后院屋,115.05.05,2026-06-29
21403297,baking enamel,烤漆,114.08.30,2026-06-29
21403298,bank's written joint and several guarantee,银行书面连带保证,115.05.05,2026-06-29
21403299,batter,倾斜,114.08.30,2026-06-29
21403300,beam penetration,穿梁开孔,114.08.30,2026-06-29
21403301,bearing wall,承重墙,114.08.30,2026-06-29
21403302,bed rock,岩盘,114.08.30,2026-06-29
21403303,behind schedule,进度落后,115.05.05,2026-06-29
21403304,bench cut method,台阶开挖法,115.05.05,2026-06-29
21403305,bending formula,弯曲公式；挠曲公式,114.08.30,2026-06-29
21403306,Bernoulli equation,柏努利方程式,114.08.30,2026-06-29
21403307,bid abstract,投标摘要表；开标纪录表,115.05.05,2026-06-29
21403308,bid proposal,投标企划书,114.08.30,2026-06-29
21403309,bid submission deadline,投标截止期限,115.05.05,2026-06-29
21403310,Bids and Awards Committee (BAC),招标与决标委员会,115.05.05,2026-06-29
21403311,binder deposit,斡旋金,113.10.01,2026-06-29
21403312,binding wire,绑扎铁丝；扎筋铁丝,115.05.05,2026-06-29
21403313,bituminous seal coat,沥青封层,114.08.30,2026-06-29
21403314,block crack,块状裂缝,114.08.30,2026-06-29
21403315,blotter,吸附材料,114.08.30,2026-06-29
21403316,blue print,蓝图,114.08.30,2026-06-29
21403317,borrow,借方｛土方｝,114.08.30,2026-06-29
21403318,box column,中空箱型柱,114.08.30,2026-06-29
21403319,breaker panel,断路器面板；断路器盘,114.08.30,2026-06-29
21403320,brickie,砌砖工,114.08.30,2026-06-29
21403321,brightness,亮度；辉度,114.08.30,2026-06-29
21403322,budget amount,预算金额,115.05.05,2026-06-29
21403323,buffer strip,缓冲带,114.08.30,2026-06-29
21403324,building footprint,建筑占地面积；建筑基地；建筑物足迹,114.08.30,2026-06-29
21403325,building paper,建筑用纸；油毛纸,113.10.01,2026-06-29
21403326,build-operate-transfer (BOT),兴建-营运-移转,114.08.30,2026-06-29
21403327,build-out,装修工程,114.08.30,2026-06-29
21403328,build-own-operate (BOO),兴建-拥有-营运,114.08.30,2026-06-29
21403329,build-own-operate-transfer (BOOT),兴建-拥有-营运-移转,114.08.30,2026-06-29
21403330,build-transfer-operate (BTO),兴建-移转-营运,114.08.30,2026-06-29
21403331,built-up section,组合断面,114.08.30,2026-06-29
21403332,bushfire,森林大火,114.08.30,2026-06-29
21403333,businessowner's policy (BOP),企业主保单,115.05.05,2026-06-29
21403334,butterfly roof,蝴蝶式屋顶,114.08.30,2026-06-29
21403335,buttress,扶壁,114.08.30,2026-06-29
21403336,cable tray,缆线架,114.08.30,2026-06-29
21403337,calcium silicate board,矽酸钙板,114.08.30,2026-06-29
21403338,calendar day,日历天,114.08.30,2026-06-29
21403339,cantilevered void,悬臂式空间,114.08.30,2026-06-29
21403340,carpark,停车场,114.08.30,2026-06-29
21403341,carpet tile,方块地毯；地毯砖,114.08.30,2026-06-29
21403342,carpool lane,共乘车道,114.08.30,2026-06-29
21403343,carriageway,车道,114.08.30,2026-06-29
21403344,cast iron grate,铸铁盖,114.08.30,2026-06-29
21403345,catch-up plan,赶工计划,115.05.05,2026-06-29
21403346,catskinner,履带式机具操作员,114.08.30,2026-06-29
21403347,caulking sealant,填缝材,114.08.30,2026-06-29
21403348,cause and effect analysis diagram,特性要因图；鱼骨图,114.08.30,2026-06-29
21403349,cavity wall,空心墙；夹层墙,114.08.30,2026-06-29
21403350,ceiling joist,天花板托梁,113.10.01,2026-06-29
21403351,cement finish,水泥粉刷；水泥饰面,114.08.30,2026-06-29
21403352,center line of highway,公路中心线,114.08.30,2026-06-29
21403353,center of gravity of prestressing tendon,预力钢腱重心,114.08.30,2026-06-29
21403354,ceramic fritted glass,彩釉玻璃,114.08.30,2026-06-29
21403355,certification,认证,115.05.05,2026-06-29
21403356,certifier,认证人员,114.08.30,2026-06-29
21403357,chainage,桩号；里程,114.08.30,2026-06-29
21403358,check and accept of materials,材料验收,115.05.05,2026-06-29
21403359,cheek wall,颊墙；侧墙,115.05.05,2026-06-29
21403360,chemical polishing,化学磨光；化学抛光,115.05.05,2026-06-29
21403361,chevron,V型图样；V型标线,114.08.30,2026-06-29
21403362,chief inspector,主验人员,115.05.05,2026-06-29
21403363,chimney flashing,烟囱泛水,113.10.01,2026-06-29
21403364,chinking,填塞缝；修补缝,113.10.01,2026-06-29
21403365,chippie,木匠,114.08.30,2026-06-29
21403366,chromating,铬化表面处理,114.08.30,2026-06-29
21403367,clip ties,模板固定钢线,113.10.01,2026-06-29
21403368,closed bid,封闭式投标,114.08.30,2026-06-29
21403369,closing disclosure,最终贷款明细文件,113.10.01,2026-06-29
21403370,cluster analysis,集群分析,114.08.30,2026-06-29
21403371,coarse aggregate angularity (CAA),粗粒料棱角性,115.06.02,2026-06-29
21403372,co-borrower,共同贷款人,113.10.01,2026-06-29
21403373,cold air return,冷空气回风,113.10.01,2026-06-29
21403374,cold shell,毛胚屋；裸屋,114.08.30,2026-06-29
21403375,cold-in-place recycling (CIR),冷再生,114.08.30,2026-06-29
21403376,collar beam,维梁；系梁,114.08.30,2026-06-29
21403377,collar tie,屋架上系梁,113.10.01,2026-06-29
21403378,colluvium,崩积层,114.08.30,2026-06-29
21403379,color range standard,色域标准,114.08.30,2026-06-29
21403380,column cover and spandrel system,窗间墙系统｛帷幕墙｝,114.08.30,2026-06-29
21403381,combined services drawing (CSD),机电设备整合图,114.08.30,2026-06-29
21403382,combustion air,进气通风,113.10.01,2026-06-29
21403383,common duct,共同管道,115.05.05,2026-06-29
21403384,compaction grouting,挤压灌浆；压实灌浆,115.05.05,2026-06-29
21403385,complaint settlement entity,客诉解决单位,115.05.05,2026-06-29
21403386,completion of work,竣工,115.05.05,2026-06-29
21403387,compression web,承压腹杆｛桁架｝,113.10.01,2026-06-29
21403388,concrete board,混凝土板,113.10.01,2026-06-29
21403389,concrete finish,清水混凝土；混凝土饰面,114.08.30,2026-06-29
21403390,concrete flowability,混凝土流动性,115.05.05,2026-06-29
21403391,concrete grouted rock (CGR),混凝土砌石,114.08.30,2026-06-29
21403392,concrete honeycomb,混凝土蜂窝,114.08.30,2026-06-29
21403393,concrete screed,混凝土整平,114.08.30,2026-06-29
21403394,condensing unit,冷凝单元,113.10.01,2026-06-29
21403395,"Conditions, Covenants, and Restrictions (CC & Rs)",住户规约；社区规约,113.10.01,2026-06-29
21403396,conduction,传导；导热,113.10.01,2026-06-29
21403397,conference room,会议室,114.08.30,2026-06-29
21403398,confined space,局限空间,115.05.05,2026-06-29
21403399,conformance of verbal instruction (CVI),口头指示确认,114.08.30,2026-06-29
21403400,corner strut,角撑,113.10.01,2026-06-29
21403401,consistency of concrete,混凝土稠度,114.08.30,2026-06-29
21403402,construction essentials,施工要领,115.05.05,2026-06-29
21403403,construction execution form,施工执行资料表,115.05.05,2026-06-29
21403404,construction management organization,营建管理组织,115.05.05,2026-06-29
21403405,construction residual soil treatment plant,营建土资场,114.08.30,2026-06-29
21403406,construction supervision,施工监造,115.05.05,2026-06-29
21403407,construction supervision unit,施工监造单位,115.05.05,2026-06-29
21403408,construction surveillance,施工监督,115.05.05,2026-06-29
21403409,construction surveillance unit,施工监督单位,115.05.05,2026-06-29
21403410,construction work,营建工作,115.05.05,2026-06-29
21403411,constructional equipment,施工设备,115.05.05,2026-06-29
21403412,continual improvement,持续改善,115.05.05,2026-06-29
21403413,continual power system,连续供电系统,114.08.30,2026-06-29
21403414,continuity tester,导电测试仪,113.10.01,2026-06-29
21403415,contract assignment,契约转让,115.05.05,2026-06-29
21403416,contract completion date,履约期限,115.05.05,2026-06-29
21403417,contract item,契约工项,115.05.05,2026-06-29
21403418,contract number,契约编号,115.05.05,2026-06-29
21403419,contract signing date,签约日期,115.05.05,2026-06-29
21403420,conventional loan,常规贷款；非由政府提供之抵押贷款,113.10.01,2026-06-29
21403421,convertibility,转换性；兑换性,113.10.01,2026-06-29
21403422,coping,笠木；墙顶收边,114.08.30,2026-06-29
21403423,corner bead,泥作收边条,113.10.01,2026-06-29
21403424,corner board,转角板,113.10.01,2026-06-29
21403425,corner brace,角撑,114.08.30,2026-06-29
21403426,cosigner,共同签署人,113.10.01,2026-06-29
21403427,cost of service,服务成本,115.05.05,2026-06-29
21403428,cost validation,成本验证,114.08.30,2026-06-29
21403429,cost verification,成本确认,114.08.30,2026-06-29
21403430,cost-reimbursement contract,成本加公费契约；成本加酬契约,114.08.30,2026-06-29
21403431,custom house,客制屋,115.06.23,2026-06-29
21403432,counterfort,扶壁,113.10.01,2026-06-29
21403433,countersunk screw,埋头螺丝,114.08.30,2026-06-29
21403434,cove molding,天花板凹角收边；凹角收边,113.10.01,2026-06-29
21403435,crash cost,赶工成本,114.08.30,2026-06-29
21403436,crawl space,基础爬行空间,113.10.01,2026-06-29
21403437,credit history,信用记录,113.10.01,2026-06-29
21403438,credit rating,信用评等,113.10.01,2026-06-29
21403439,credit report,信用报告,113.10.01,2026-06-29
21403440,crib retaining wall,条框式挡土墙,114.08.30,2026-06-29
21403441,cripple,支撑短柱,113.10.01,2026-06-29
21403442,criteria pollutant,基准污染物,115.05.05,2026-06-29
21403443,cross bridging,版梁交错斜撑,113.10.01,2026-06-29
21403444,cross tee,小型金属T梁｛天花板轻钢架｝,113.10.01,2026-06-29
21403445,load arresting gear,过负荷防止装置,115.05.05,2026-06-29
21403446,crown molding,天花板冠饰收边；冠饰收边,113.10.01,2026-06-29
21403447,cupping,木板反翘,113.10.01,2026-06-29
21403448,curb stop,路缘止挡；路缘制水阀,113.10.01,2026-06-29
21403449,cut-in brace,嵌入式侧撑,113.10.01,2026-06-29
21403450,dado,嵌槽,113.10.01,2026-06-29
21403451,daily payment,按日计酬,115.05.05,2026-06-29
21403452,date of commencement of work,开工日,115.05.05,2026-06-29
21403453,date of inviting suppliers to tender,邀标日,115.05.05,2026-06-29
21403454,date of publishing a notice,公告日,115.05.05,2026-06-29
21403455,dead light,固定窗,113.10.01,2026-06-29
21403456,deadbolt,辅助锁,113.10.01,2026-06-29
21403457,debt ratio,负债比率,113.10.01,2026-06-29
21403458,declining balance method,余额递减折旧法,115.05.05,2026-06-29
21403459,deductive alternate,减项替代方案,115.05.05,2026-06-29
21403460,deed in lieu of foreclosure,终止赎回权替代契约,113.10.01,2026-06-29
21403461,default,违约；不履行,113.10.01,2026-06-29
21403462,default penalty,违约金,114.08.30,2026-06-29
21403463,dehumidistat,除湿控制器,113.10.01,2026-06-29
21403464,demand feature,要求立即清偿条款,113.10.01,2026-06-29
21403465,demolition materials received,拆收料,115.05.05,2026-06-29
21403466,demolition permit,拆除许可,114.08.30,2026-06-29
21403467,density index,密度指数,114.08.30,2026-06-29
21403468,Department of Housing and Urban Development (HUD),住宅及都市发展局,113.10.01,2026-06-29
21403469,depreciation reserve,折旧准备,115.05.05,2026-06-29
21403470,design contest,设计竞赛,115.05.05,2026-06-29
21403471,"design, construction and function test (DCFT)",设计施工与功能测试,114.08.30,2026-06-29
21403472,designated contract,关连契约；指定契约,115.05.05,2026-06-29
21403473,designated deadline,限期完成；限期完工,115.05.05,2026-06-29
21403474,designed ground level (DGL),设计地面高程｛工程图｝,114.08.30,2026-06-29
21403475,diastyle,3倍柱径间距排列｛古建筑｝,115.05.05,2026-06-29
21403476,discriminant analysis,区别分析；判别分析,114.08.30,2026-06-29
21403477,dispute settlement entity,争议处理机构,115.05.05,2026-06-29
21403478,door and window schedule (D&W schedule),门窗表；门窗明细表,114.08.30,2026-06-29
21403479,door operator,门开关器,113.10.01,2026-06-29
21403480,door slab,门板；门片,114.08.30,2026-06-29
21403481,doorknob,门把；门把锁,113.10.01,2026-06-29
21403482,doorstop,门挡；制门器,113.10.01,2026-06-29
21403483,dormer,屋顶窗；老虎窗,113.10.01,2026-06-29
21403484,double glass,双层玻璃,113.10.01,2026-06-29
21403485,double packer grouting,双环塞灌浆,115.05.05,2026-06-29
21403486,downturn,下卷版,114.08.30,2026-06-29
21403487,drain tile,排水盲沟；排水瓦管,113.10.01,2026-06-29
21403488,drain-waste-vent system  (DWV system),排水通气系统,113.10.01,2026-06-29
21403489,driller,钻掘机,115.05.05,2026-06-29
21403490,drip pan,滴水盘,114.08.30,2026-06-29
21403491,dry-in,建筑外壳完工；屋外防水完工,113.10.01,2026-06-29
21403492,drywall mud,填缝泥,113.10.01,2026-06-29
21403493,duct test hole,管道测孔；测孔,114.08.30,2026-06-29
21403494,due-on-sale clause,到期出售条款,113.10.01,2026-06-29
21403495,durability crack,耐久性裂缝,114.08.30,2026-06-29
21403496,duration extension,工期展延,115.05.05,2026-06-29
21403497,durometer,硬度计,114.08.30,2026-06-29
21403498,dynamic strain transducer,动态应变感测器；动态应变计,114.08.30,2026-06-29
21403499,each face (EF),每一面｛工程图｝,114.08.30,2026-06-29
21403500,each way (EW),每一向；双向｛工程图｝,114.08.30,2026-06-29
21403501,earnest money,诚意金；保证金,113.10.01,2026-06-29
21403502,earthmover,推土机；运土车,114.08.30,2026-06-29
21403503,earthquake strap,防震固定带,113.10.01,2026-06-29
21403504,eccentric load,偏心载重,114.08.30,2026-06-29
21403505,ecological approach,生态方法；生态手段,114.08.30,2026-06-29
21403506,ecological assessment,生态评估,114.08.30,2026-06-29
21403507,ecological check,生态检核,114.08.30,2026-06-29
21403508,ecological engineering,生态工程,114.08.30,2026-06-29
21403509,ecological survey,生态调查,114.08.30,2026-06-29
21403510,effectiveness,有效性,115.05.05,2026-06-29
21403511,efficiency,效率,115.05.05,2026-06-29
21403512,eggshell paint,蛋壳漆；水性低光漆,114.08.30,2026-06-29
21403513,egress,安全出口,113.10.01,2026-06-29
21403514,elbow,弯管,113.10.01,2026-06-29
21403515,electric lateral,电力外线施工,113.10.01,2026-06-29
21403516,electrical entrance package,配电箱套件,113.10.01,2026-06-29
21403517,electrical finish,电气细部安装,114.08.30,2026-06-29
21403518,electrical permit,接电许可,114.08.30,2026-06-29
21403519,electrical pigtail,电气猪尾｛连接器｝,114.08.30,2026-06-29
21403520,electrical rough,电气初步配管；配电管预埋,114.08.30,2026-06-29
21403521,electrical rough-in,电气初步配线,113.10.01,2026-06-29
21403522,electrical trim,电气配线收尾,113.10.01,2026-06-29
21403523,electrogas welding (EGW),电气銲,114.08.30,2026-06-29
21403524,elevation,高程；标高；立面图,114.08.30,2026-06-29
21403525,elevation sheet,各向立面图,113.10.01,2026-06-29
21403526,emergency ladder,避难梯；逃生梯,114.08.30,2026-06-29
21403527,emergency stair,避难梯；逃生梯,114.08.30,2026-06-29
21403528,emergency staircase,避难梯；逃生梯,114.08.30,2026-06-29
21403529,empirical formula,经验公式,114.08.30,2026-06-29
21403530,emulsion paint,乳胶漆,114.08.30,2026-06-29
21403531,emulsion putty,水性补土；乳胶补土,114.08.30,2026-06-29
21403532,enamel paint,瓷漆,114.08.30,2026-06-29
21403533,Engineer,工程司,115.05.05,2026-06-29
21403534,engineered wood,复合板；人造木材,114.08.30,2026-06-29
21403535,engineering cost,工程成本,115.05.05,2026-06-29
21403536,engineering project,工程专案,115.05.05,2026-06-29
21403537,envelope load,外壳耗能；外壳负载；包络载重,114.08.30,2026-06-29
21403538,epoxy topcoat,环氧树脂面漆,114.08.30,2026-06-29
21403539,epoxy zinc rich primer,环氧锌粉底漆,114.08.30,2026-06-29
21403540,equal space (EQ),等距｛工程图｝,114.08.30,2026-06-29
21403541,equity,权益,113.10.01,2026-06-29
21403542,escrow,第三方托管,113.10.01,2026-06-29
21403543,essential hire equipment,基本租赁设备,115.05.05,2026-06-29
21403544,estimated amount,估计数量；估计金额,115.05.05,2026-06-29
21403545,estimated value of contract award,估计契约决标金额,115.05.05,2026-06-29
21403546,eustyle,2.25倍柱径间距排列｛古建筑｝,115.05.05,2026-06-29
21403547,exhaust room,排烟室；排气室,114.08.30,2026-06-29
21403548,existing ground level (EGL),既有地面高程｛工程图｝,114.08.30,2026-06-29
21403549,expandable polystyrene (EPS),发泡聚苯乙烯；发泡胶粒,114.08.30,2026-06-29
21403550,expansive soil,膨胀性土壤,113.10.01,2026-06-29
21403551,exposed aggregate finish,粒料外露饰面；骨材外露饰面,113.10.01,2026-06-29
21403552,exposed grid,明架｛天花板｝,114.08.30,2026-06-29
21403553,extrapolation,外插；外推,114.08.30,2026-06-29
21403554,facade,建筑物正面；建筑物外观,114.08.30,2026-06-29
21403555,facility management and control system (FMCS),设施管理控制系统,114.08.30,2026-06-29
21403556,facility turnover,设施移交,115.05.05,2026-06-29
21403557,far face (FF),远侧面｛工程图｝,114.08.30,2026-06-29
21403558,fair-faced concrete,清水混凝土；清水模,113.10.01,2026-06-29
21403559,Federal Housing Administration strap (FHA strap),金属连接带；金属连接片｛木作｝,113.10.01,2026-06-29
21403560,fence,围篱,114.08.30,2026-06-29
21403561,fiber glass reinforced concrete,玻璃纤维混凝土,114.08.30,2026-06-29
21403562,field change request,现场变更请求,114.08.30,2026-06-29
21403563,field measurement,现场量测；现地测量,113.10.01,2026-06-29
21403564,field modification,现场修正,114.08.30,2026-06-29
21403565,field modification proposal,现场修正建议,114.08.30,2026-06-29
21403566,fill,填方｛土方｝,114.08.30,2026-06-29
21403567,final set time,终凝时间,115.05.05,2026-06-29
21403568,fine aggregate angularity (FAA),细粒料棱角性,115.06.02,2026-06-29
21403569,finial,尖顶饰,114.08.30,2026-06-29
21403570,finished floor level (FFL),楼板完成面高； 楼板装修面高；楼板装修完成面高程｛工程图｝,115.05.05,2026-06-29
21403571,finished ground level,完成地面标高；地面完成面,115.05.05,2026-06-29
21403572,fire brick,耐火砖,113.10.01,2026-06-29
21403573,fire escape,消防逃生口,114.08.30,2026-06-29
21403574,fire-resistance rating,防火等级,114.08.30,2026-06-29
21403575,fire rated partition,耐火隔墙；耐火隔板,114.08.30,2026-06-29
21403576,fire zoning,防火区划,114.08.30,2026-06-29
21403577,fireblock,阻燃物,113.10.01,2026-06-29
21403578,fireplace chase,壁炉烟道饰槽,113.10.01,2026-06-29
21403579,fireproofing,防火披覆,114.08.30,2026-06-29
21403580,first-time home buyers (FTHB),首次购屋者,113.10.01,2026-06-29
21403581,fish tape,鱼带；穿线器｛电工工具｝,113.10.01,2026-06-29
21403582,fishbone diagram,鱼骨图；特性要因图,114.08.30,2026-06-29
21403583,fitness center,健身中心,114.08.30,2026-06-29
21403584,fixed cost,固定成本,114.08.30,2026-06-29
21403585,fixed rate mortgage,固定利率抵押贷款,113.10.01,2026-06-29
21403586,flagstone,板石,113.10.01,2026-06-29
21403587,flake chip,雪花片｛地坪｝,114.08.30,2026-06-29
21403588,flake flooring,碎石树脂地板,114.08.30,2026-06-29
21403589,flakeboard,刨花密集板,113.10.01,2026-06-29
21403590,flaking,剥落,114.08.30,2026-06-29
21403591,flame retention burner,母火燃烧器,113.10.01,2026-06-29
21403592,flamed finish,烧面修饰,114.08.30,2026-06-29
21403593,flat molding,平直收边；平直饰条,113.10.01,2026-06-29
21403594,flat paint,暗光漆；消光漆；平光漆,113.10.01,2026-06-29
21403595,flatting varnish paint,平光漆,114.08.30,2026-06-29
21403596,flexure,弯曲；挠曲,114.08.30,2026-06-29
21403597,flight,楼梯段,113.10.01,2026-06-29
21403598,float glass,浮法玻璃；浮式玻璃；退火玻璃,114.08.30,2026-06-29
21403599,floating wall,浮墙,114.08.30,2026-06-29
21403600,flood gate,防洪闸门,114.08.30,2026-06-29
21403601,floor drainage,地板排水；楼板排水,114.08.30,2026-06-29
21403602,floor level (FL),楼板面高程｛工程图｝,114.08.30,2026-06-29
21403603,flue collar,排烟管颈圈,113.10.01,2026-06-29
21403604,fluorescent paint,萤光漆,114.08.30,2026-06-29
21403605,flyover,高架桥,114.08.30,2026-06-29
21403606,food court,美食街；美食广场,114.08.30,2026-06-29
21403607,footer,基脚,113.10.01,2026-06-29
21403608,forbearance,还款宽限,113.10.01,2026-06-29
21403609,force-placed insurance,强制保险,113.10.01,2026-06-29
21403610,fore batter,前倾斜桩,115.05.05,2026-06-29
21403611,foreclosure,终止赎回权,113.10.01,2026-06-29
21403612,foreign supplier,外国供应商,115.05.05,2026-06-29
21403613,formal acceptance,正式验收,115.05.05,2026-06-29
21403614,formation level,平整面标高；施工基面；层面标高{地质},114.08.30,2026-06-29
21403615,forward batter,前倾斜桩,115.05.05,2026-06-29
21403616,free cantilever method,悬臂工法{桥梁},114.08.30,2026-06-29
21403617,freeze proof faucet,防冻水龙头,113.10.01,2026-06-29
21403618,front-end process,前端处理程序,115.05.05,2026-06-29
21403619,frost proof faucet,防冻水龙头,113.10.01,2026-06-29
21403620,full staging method,全跨支撑工法｛桥梁｝,114.08.30,2026-06-29
21403621,full superelevation,全超高｛路工｝,114.08.30,2026-06-29
21403622,full-time engineering personnel,全职工程人员,115.05.05,2026-06-29
21403623,"furniture, fixtures and equipment (FF&E)",家具、固著物及设备,114.08.30,2026-06-29
21403624,furring strip,木垫条,113.10.01,2026-06-29
21403625,gable roof,山形屋顶；人字屋顶,113.10.01,2026-06-29
21403626,gallery,廊道；艺廊；展示厅,114.08.30,2026-06-29
21403627,galvanized iron pipe (GIP),镀锌铁管,114.08.30,2026-06-29
21403628,gambrel roof,复折式屋顶；复斜式屋顶,114.08.30,2026-06-29
21403629,gang nail plate,钉板连接件；齿板,113.10.01,2026-06-29
21403630,gas lateral,用户瓦斯接管,113.10.01,2026-06-29
21403631,gate valve,闸阀,113.10.01,2026-06-29
21403632,glacial erratic,冰川漂砾；冰碛石,114.08.30,2026-06-29
21403633,glacial moraine,冰碛石,114.08.30,2026-06-29
21403634,globe valve,球形阀,113.10.01,2026-06-29
21403635,gneiss,片麻岩,114.08.30,2026-06-29
21403636,good faith deposit,诚意金；保证金,113.10.01,2026-06-29
21403637,good faith estimate (GFE),诚信费用估算,113.10.01,2026-06-29
21403638,Government Procurement Act,政府采购法,115.05.05,2026-06-29
21403639,grading permit,整地许可,114.08.30,2026-06-29
21403640,gradually varied flow (GVF),渐变流,114.08.30,2026-06-29
21403641,graduated payment mortgage (GPM),累进还款抵押贷款,113.10.01,2026-06-29
21403642,granny flat,附属住宅单元；祖母屋,115.05.05,2026-06-29
21403643,granular soil,颗粒性土壤,114.08.30,2026-06-29
21403644,green infrastructure,绿色基础建设,114.08.30,2026-06-29
21403645,grey shell,毛胚屋；裸屋,114.08.30,2026-06-29
21403646,grillage,格栅；格框；格床,114.08.30,2026-06-29
21403647,ground penetrating radar (GPR),透地雷达,114.08.30,2026-06-29
21403648,ground shoring method,开挖支撑工法；就地支撑工法,114.08.30,2026-06-29
21403649,ground water level (GWL),地下水位,114.08.30,2026-06-29
21403650,grouts of microcement,微细颗粒水泥灌浆,115.05.05,2026-06-29
21403651,guarantee bond,保证金,115.05.05,2026-06-29
21403652,guided expansion bearing,单向活动支承；导向伸缩支承,114.08.30,2026-06-29
21403653,H Clip,胶合板H夹,113.10.01,2026-06-29
21403654,hairline finish,发丝纹饰面,114.08.30,2026-06-29
21403655,hand over certificate,交付证明,115.05.05,2026-06-29
21403656,hand tools,手工具,114.08.30,2026-06-29
21403657,handicap ramp,无障碍坡道,114.08.30,2026-06-29
21403658,hard floor finish,硬质地板装修,114.08.30,2026-06-29
21403659,hardware store,五金行,114.08.30,2026-06-29
21403660,hazard insurance,灾害险,113.10.01,2026-06-29
21403661,hazard prevention plan,防灾计划,114.08.30,2026-06-29
21403662,hazardous air pollutants (HAPs),有害空气污染物；危害性空气污染物,115.05.05,2026-06-29
21403663,hazardous workplace,危险性工作场所,115.05.05,2026-06-29
21403664,hazel hurdle,榛木栏栅,114.08.30,2026-06-29
21403665,heat resisting paint,耐热漆,114.08.30,2026-06-29
21403666,heat rough,暖气初步配管,113.10.01,2026-06-29
21403667,heat trim,暖气配管收尾,113.10.01,2026-06-29
21403668,heating load,热负荷；热负载,114.08.30,2026-06-29
21403669,heave stake,隆起杆,114.08.30,2026-06-29
21403670,hedge,绿篱；栅栏,114.08.30,2026-06-29
21403671,heel cut,屋梁立柱榫口,113.10.01,2026-06-29
21403672,herringbone,人字形,114.08.30,2026-06-29
21403673,high gloss paint,高光漆,114.08.30,2026-06-29
21403674,high mobility grouting (HMG),高流动性灌浆,115.05.05,2026-06-29
21403675,high occupancy vehicle lane (HOV lane),高乘载车道,114.08.30,2026-06-29
21403676,high pressure laminate (HPL),高压积层板,113.10.01,2026-06-29
21403677,high tension bolts,高张力螺栓,115.05.05,2026-06-29
21403678,hinted grid,暗架｛天花板｝,114.08.30,2026-06-29
21403679,hip roof,四坡屋顶；庑殿顶,113.10.01,2026-06-29
21403680,hoist way,电梯升降道；电梯井,114.08.30,2026-06-29
21403681,hold point,检验停留点；限止点,115.05.05,2026-06-29
21403682,home equity line of credit (HELOC),房屋净值信用额度,113.10.01,2026-06-29
21403683,home equity loan (HEL),房屋净值贷款,113.10.01,2026-06-29
21403684,home run,总电源线,113.10.01,2026-06-29
21403685,homeowner association (HOA),住户管理委员会,113.10.01,2026-06-29
21403686,homeowners insurance,房屋保险,113.10.01,2026-06-29
21403687,hose bib,户外用水龙头,113.10.01,2026-06-29
21403688,hot wire,火线｛电气｝,113.10.01,2026-06-29
21403689,Hubbard-Field Method,哈氏法｛沥青混凝土｝,114.08.30,2026-06-29
21403690,Hudson formula,哈德森公式｛工期展延管理费计算｝,114.08.30,2026-06-29
21403691,hurricane clip,防强风固定夹,113.10.01,2026-06-29
21403692,hurricane strap,防强风固定带,113.10.01,2026-06-29
21403693,Hveem method,威氏法｛沥青混凝土｝,114.08.30,2026-06-29
21403694,hydraulic piezometer,水压计,114.08.30,2026-06-29
21403695,idle materials,呆料,115.05.05,2026-06-29
21403696,impounded area,蓄水区；蓄水面积,114.08.30,2026-06-29
21403697,improvement report of quality defects,品质缺失改善报告,115.05.05,2026-06-29
21403698,in writing and sealed,书面且密封,115.05.05,2026-06-29
21403699,incoming quality control (IQC),进料品质管制,114.08.30,2026-06-29
21403700,information service,资讯服务,115.05.05,2026-06-29
21403701,inherent settlement,固有沉陷,114.08.30,2026-06-29
21403702,initial adjustment cap,初始调整上限,113.10.01,2026-06-29
21403703,initial escrow deposit,初始代管存款,114.08.30,2026-06-29
21403704,inner face (IF),内侧面｛工程图｝,114.08.30,2026-06-29
21403705,inorganic zinc rich primer,无机锌粉底漆,114.08.30,2026-06-29
21403706,in-process quality control (IPQC),制程品质管制,114.08.30,2026-06-29
21403707,inside corner,屋内墙角,113.10.01,2026-06-29
21403708,instructions to tenderers (ITTs),投标须知,114.08.30,2026-06-29
21403709,insulating glass,隔热玻璃,113.10.01,2026-06-29
21403710,insulation board,隔热板；绝缘板,113.10.01,2026-06-29
21403711,intellectual property right,智慧财产权,115.05.05,2026-06-29
21403712,inter-entity supply contracts,共同供应契约,115.05.05,2026-06-29
21403713,interest-only loan,还息贷款,114.08.30,2026-06-29
21403714,interface demarcation drawing,界面区分图；界面分界图,114.08.30,2026-06-29
21403715,interference settlement,干扰沉陷,114.08.30,2026-06-29
21403716,interim acceptance,期中验收,115.05.05,2026-06-29
21403717,interior finish,室内装修；室内饰面,113.10.01,2026-06-29
21403718,international standards,国际标准,115.05.05,2026-06-29
21403719,interpolation,内插；内推,114.08.30,2026-06-29
21403720,invert level,仰拱高程；管底高程,114.08.30,2026-06-29
21403721,inverted arch,仰拱｛隧道｝,114.08.30,2026-06-29
21403722,inverted staff,倒尺测量,114.08.30,2026-06-29
21403723,invitation documentation,招标文件,115.05.05,2026-06-29
21403724,invitation to tender (ITT),邀标,114.08.30,2026-06-29
21403725,Ishikawa diagram,石川图；特性要因图；鱼骨图,114.08.30,2026-06-29
21403726,isolator,绝缘器；碍子；隔震器,114.08.30,2026-06-29
21403727,J channel,J型槽钢,113.10.01,2026-06-29
21403728,jack post,可调式钢管柱,113.10.01,2026-06-29
21403729,jack rafter,屋顶斜撑短椽,113.10.01,2026-06-29
21403730,jack stud,门窗框柱｛木构造｝,113.10.01,2026-06-29
21403731,jobsite productivity,工地生产力,114.08.30,2026-06-29
21403732,joint alteration number (Ja),节理蚀变数,114.08.30,2026-06-29
21403733,joint cement,填缝泥,113.10.01,2026-06-29
21403734,joint compound,填缝泥,113.10.01,2026-06-29
21403735,joint dip,节理倾角｛岩石｝,114.08.30,2026-06-29
21403736,joint inspection personnel,会验人员,115.05.05,2026-06-29
21403737,joint orientation,节理位态；接缝方位｛结构物｝,114.08.30,2026-06-29
21403738,joint roughness number (Jr),节理粗糙数,114.08.30,2026-06-29
21403739,joint set number (Jn),节理组数,114.08.30,2026-06-29
21403740,joint strike,节理走向{岩石},114.08.30,2026-06-29
21403741,joint tenancy,共同持有产权,113.10.01,2026-06-29
21403742,joint tendering,共同投标,115.05.05,2026-06-29
21403743,joint trench,共同管沟,113.10.01,2026-06-29
21403744,joint water reduction factor (Jw),节理水弱化因数,114.08.30,2026-06-29
21403745,joist hanger,梁托挂件；梁托连接件,113.10.01,2026-06-29
21403746,jumbo loan,大额贷款,114.08.30,2026-06-29
21403747,jumper,管线跨接；跨接线,113.10.01,2026-06-29
21403748,junction box,接线盒,114.08.30,2026-06-29
21403749,king stud,门窗立柱；门窗天地柱｛木构造｝,113.10.01,2026-06-29
21403750,knockout (KO),预开孔； 预留孔 ,114.08.30,2026-06-29
21403751,laminated glass,胶合玻璃；夹层玻璃,114.08.30,2026-06-29
21403752,laminated shingle,胶合屋顶板；胶合瓦板,113.10.01,2026-06-29
21403753,land acquisition cost,土地取得成本,115.05.05,2026-06-29
21403754,landing,楼梯平台,113.10.01,2026-06-29
21403755,landscape ecology,景观生态学,114.08.30,2026-06-29
21403756,landslip,坍方；地滑,114.08.30,2026-06-29
21403757,lap splicing,搭接,114.08.30,2026-06-29
21403758,large procurement,巨额采购,115.05.05,2026-06-29
21403759,lateral construction,用户周边接管工程,113.10.01,2026-06-29
21403760,lath,板条,113.10.01,2026-06-29
21403761,lattice,网格,113.10.01,2026-06-29
21403762,lava,熔岩,114.08.30,2026-06-29
21403763,leach field,污水沉淀区,113.10.01,2026-06-29
21403764,leaseback,售后租回,114.08.30,2026-06-29
21403765,lease-leaseback (LLB),租赁回租,114.08.30,2026-06-29
21403766,ledge,壁架；岩架；凸缘,114.08.30,2026-06-29
21403767,let-in brace,嵌入式侧撑,113.10.01,2026-06-29
21403768,level payment mortgage,等额本息抵押贷款,113.10.01,2026-06-29
21403769,licensure,核发执照；获取执照；执照,115.05.05,2026-06-29
21403770,light gage steel,轻型钢,114.08.30,2026-06-29
21403771,lightning protection system,避雷系统,114.08.30,2026-06-29
21403772,limited space,有限空间,115.05.05,2026-06-29
21403773,limited tendering procedures,限制性招标程序,115.05.05,2026-06-29
21403774,lineal foot,直线呎,113.10.01,2026-06-29
21403775,linear discriminant analysis (LDA),线性判别分析,114.08.30,2026-06-29
21403776,liquidated damages,逾期罚款,115.05.05,2026-06-29
21403777,litigation,诉讼,115.05.05,2026-06-29
21403778,load bearing wall,承重墙,113.10.01,2026-06-29
21403779,load cell,荷重计,114.08.30,2026-06-29
21403780,loan deferment,延后还款,113.10.01,2026-06-29
21403781,loan estimate,贷款估算,114.08.30,2026-06-29
21403782,loan modification,贷款修改,114.08.30,2026-06-29
21403783,loan-to-value ratio (LTV ratio),贷款价值比,113.10.01,2026-06-29
21403784,lobby,大厅,114.08.30,2026-06-29
21403785,loess,黄土,114.08.30,2026-06-29
21403786,lookout,瞭望台,114.08.30,2026-06-29
21403787,loss mitigation,减损,114.08.30,2026-06-29
21403788,low mobility grouting (LMG),低流动性灌浆,115.05.05,2026-06-29
21403789,luminaire,照明设备；灯具,114.08.30,2026-06-29
21403790,machine room,机房,114.08.30,2026-06-29
21403791,magma,岩浆,114.08.30,2026-06-29
21403792,mantel,壁炉架；壁炉台,114.08.30,2026-06-29
21403793,manufactured wood,复合板；人造木材,114.08.30,2026-06-29
21403794,marsh,沼泽；湿地,114.08.30,2026-06-29
21403795,Marshall method,马歇尔法｛沥青混凝土｝,114.08.30,2026-06-29
21403796,Masago hydraulic long-bucket (MHL),Masago油压式连续壁挖掘机；MHL连续壁工法,114.08.30,2026-06-29
21403797,masonry paint,水泥漆；砖石漆,114.08.30,2026-06-29
21403798,material account,料帐,115.05.05,2026-06-29
21403799,material inspection,材料检验,115.05.05,2026-06-29
21403800,material price,料价,115.05.05,2026-06-29
21403801,material returns,退料,115.05.05,2026-06-29
21403802,materials supplied by owner,业主方供料、甲方供料,115.05.05,2026-06-29
21403803,measure and value contract,实作数量结算契约,114.08.30,2026-06-29
21403804,measurement and payment,计量与计价,115.05.05,2026-06-29
21403805,measurement contract,实作数量结算契约,114.08.30,2026-06-29
21403806,memorandum of understanding (MOU),合作备忘录,114.08.30,2026-06-29
21403807,metallic lacquer,金属银粉喷漆,114.08.30,2026-06-29
21403808,metamorphic rock,变质岩,114.08.30,2026-06-29
21403809,migration corridor,迁徙廊道,114.08.30,2026-06-29
21403810,mineral fiber board,矿纤板,114.08.30,2026-06-29
21403811,model contract,契约范本,115.06.02,2026-06-29
21403812,mono post,单钢管柱,113.10.01,2026-06-29
21403813,monolithic construction,整体式施工,114.08.30,2026-06-29
21403814,monolithic finish,整体粉光,114.08.30,2026-06-29
21403815,monopost,单柱式支撑杆,114.08.30,2026-06-29
21403816,mortgage broker,贷款仲介,114.08.30,2026-06-29
21403817,mortgage insurance,抵押贷款保险,113.10.01,2026-06-29
21403818,mortgage origination fee,贷款初办费,114.08.30,2026-06-29
21403819,mortgage refinance,抵押贷款再融资,114.08.30,2026-06-29
21403820,movable bearing,活动支承,114.08.30,2026-06-29
21403821,movable scaffolding system,可移动式支撑系统；支撑先进工法｛桥梁｝,114.08.30,2026-06-29
21403822,mudsill,底梁；底木,114.08.30,2026-06-29
21403823,multiplicative constant,乘常数,115.05.05,2026-06-29
21403824,mylar,蓝图；聚酯树脂,114.08.30,2026-06-29
21403825,nail inspection,平整性检查,114.08.30,2026-06-29
21403826,National Electrical Code (NEC),美国国家电工法规,114.08.30,2026-06-29
21403827,natural finish,天然饰面,114.08.30,2026-06-29
21403828,nature-based infrastructure (NBI),基于自然的基础建设,114.08.30,2026-06-29
21403829,nature-based solution (NbS),基于自然的解决方案；自然解方,114.08.30,2026-06-29
21403830,near face (NF),近侧面｛工程图｝,114.08.30,2026-06-29
21403831,neoprene,合成橡胶；氯丁二烯橡胶 ,114.08.30,2026-06-29
21403832,neoprene sheet,氯丁橡胶片,114.08.30,2026-06-29
21403833,neutral surface,中性面,114.08.30,2026-06-29
21403834,neutral wire,中性线｛电气｝,113.10.01,2026-06-29
21403835,no tender,无厂商投标,115.05.05,2026-06-29
21403836,nominal dimensions,标称尺寸,115.05.05,2026-06-29
21403837,nominal filtration rating,名目过滤等级,114.08.30,2026-06-29
21403838,non-collusion affidavit,不合意围标声明,114.08.30,2026-06-29
21403839,nonconformance report (NCR),不符合报告,114.08.30,2026-06-29
21403840,nonconformity,不符；不合格,115.05.05,2026-06-29
21403841,non-slip nosing,止滑条,114.08.30,2026-06-29
21403842,normal crown,正常路拱,115.05.05,2026-06-29
21403843,normal water level (NWL),常水位,114.08.30,2026-06-29
21403844,Norwegian Geotechnical Institute (NGI),挪威地工技术研究所,114.08.30,2026-06-29
21403845,notice inviting tender (NIT),邀标通知；招标公告,114.08.30,2026-06-29
21403846,notice of error,错误通知,114.08.30,2026-06-29
21403847,notice of invitation to tender,招标公告,115.05.05,2026-06-29
21403848,observational well,水位观测井,114.08.30,2026-06-29
21403849,observatory,瞭望台,114.08.30,2026-06-29
21403850,obtaining bid documents,领标,115.05.05,2026-06-29
21403851,occupation bridge,通行便桥；空桥,115.05.05,2026-06-29
21403852,occupational accident,职业灾害,115.05.05,2026-06-29
21403853,occupational incident,职业事件；职业事故,115.05.05,2026-06-29
21403854,open graded friction course (OGFC),开放级配摩擦层；开放级配磨耗层,114.08.30,2026-06-29
21403855,open hole inspection,开孔检查,114.08.30,2026-06-29
21403856,opening information,开标资讯,115.05.05,2026-06-29
21403857,opening of operation,开启营运,115.05.05,2026-06-29
21403858,operate-transfer (OT),营运-移转,114.08.30,2026-06-29
21403859,operating cost,营运成本,115.05.05,2026-06-29
21403860,original ground level,原地面高程,114.08.30,2026-06-29
21403861,original ground surface,原地面,114.08.30,2026-06-29
21403862,outlet box,出线盒；引线盒,114.08.30,2026-06-29
21403863,outside corner,外侧角,114.08.30,2026-06-29
21403864,outside diameter,外径,114.08.30,2026-06-29
21403865,outskirt,郊区；外围,114.08.30,2026-06-29
21403866,outsourced supervision,委办监造,115.05.05,2026-06-29
21403867,outstanding supplier,优良供应商,115.05.05,2026-06-29
21403868,overburden,过载；覆盖层,114.08.30,2026-06-29
21403869,overhang,悬挑；遮阳板；悬臂,113.10.01,2026-06-29
21403870,owner's supervision,自办监造,115.05.05,2026-06-29
21403871,oxidized bitumen,氧化沥青,115.05.05,2026-06-29
21403872,oxygen bomb aging,加速老化,115.05.05,2026-06-29
21403873,padding,填料；衬垫,114.08.30,2026-06-29
21403874,pan flashing,平底泛水,113.10.01,2026-06-29
21403875,parking ramp,停车场坡道；立体停车场；停机坪,114.08.30,2026-06-29
21403876,parquet flooring,拼接木地板；嵌木地板,114.08.30,2026-06-29
21403877,partial claim,部分索赔,114.08.30,2026-06-29
21403878,partial service,部分服务；部分履约,115.05.05,2026-06-29
21403879,particle board,颗粒密集板；塑合板,113.10.01,2026-06-29
21403880,partition,隔墙；隔板,114.08.30,2026-06-29
21403881,pass box,传递箱,114.08.30,2026-06-29
21403882,passing lane,超车道,114.08.30,2026-06-29
21403883,paver,铺装机；铺路机,114.08.30,2026-06-29
21403884,pay item,计价项目,115.05.05,2026-06-29
21403885,pay item with lump sum,一式计价项目,115.05.05,2026-06-29
21403886,pay item with unit pricing,单价计价项目,115.05.05,2026-06-29
21403887,payoff amount,清偿金额,114.08.30,2026-06-29
21403888,pearl paint,珍珠漆,114.08.30,2026-06-29
21403889,pedestrian underpass,人行地下道,114.08.30,2026-06-29
21403890,penalty clause,罚则；处罚条款,114.08.30,2026-06-29
21403891,penny size,钉长尺寸｛美国、英国｝,114.08.30,2026-06-29
21403892,percolation test,渗漏测试,114.08.30,2026-06-29
21403893,performance tests on completion,完工性能测试,115.05.05,2026-06-29
21403894,pergola,凉亭;棚架,114.08.30,2026-06-29
21403895,perimeter air handling unit (PAHU),外周区空调箱,114.08.30,2026-06-29
21403896,perimeter drain,周边排水管,114.08.30,2026-06-29
21403897,pickling,酸洗,114.08.30,2026-06-29
21403898,pier table,柱头板；柱头节块｛桥梁｝；墩台,114.08.30,2026-06-29
21403899,pile cutoff,桩头处理,114.08.30,2026-06-29
21403900,pilot hole,导孔；预钻孔,114.08.30,2026-06-29
21403901,pinnacle,尖塔,114.08.30,2026-06-29
21403902,place of employment,就业场所,115.05.05,2026-06-29
21403903,plank flooring,宽版木地板,114.08.30,2026-06-29
21403904,planter box, 植栽箱；植栽槽；花台,114.08.30,2026-06-29
21403905,plaster screed,水泥砂浆刮尺；水泥砂浆整平板,114.08.30,2026-06-29
21403906,plastering,水泥砂浆粉刷,114.08.30,2026-06-29
21403907,plug weld,塞孔銲,114.08.30,2026-06-29
21403908,plumbing boot,穿管座；穿管防水套,114.08.30,2026-06-29
21403909,plumbing finish,管道细部安装,114.08.30,2026-06-29
21403910,plumbing ground,地下配管,114.08.30,2026-06-29
21403911,plumbing jack,套管配件,114.08.30,2026-06-29
21403912,plumbing permit,接水许可,114.08.30,2026-06-29
21403913,plumbing rough,初步配管；管线预埋,114.08.30,2026-06-29
21403914,plumbing stack,通气排水立管,114.08.30,2026-06-29
21403915,plumbing trim,给排水配管收尾,113.10.01,2026-06-29
21403916,point deduction record form of quality defects,品质缺失扣点纪录表,115.05.05,2026-06-29
21403917,polished finish,光面修饰,114.08.30,2026-06-29
21403918,polytetrafluoroethylene (PTFE),聚四氟乙烯,114.08.30,2026-06-29
21403919,polyvinylidene difluoride (PVDF),聚偏二氟乙烯,115.06.23,2026-06-29
21403920,post-and-beam construction,柱梁式构造,114.08.30,2026-06-29
21403921,power distribution room,配电室,114.08.30,2026-06-29
21403922,power venting,机械通风；强制通风,114.08.30,2026-06-29
21403923,precast segmental method,预铸节块工法｛桥梁｝,114.08.30,2026-06-29
21403924,prehung door,门组,114.08.30,2026-06-29
21403925,preliminary acceptance,初步验收,115.05.05,2026-06-29
21403926,prepayment penalty,提前偿付罚金,114.08.30,2026-06-29
21403927,pressure treated wood (PT wood),加压处理木材；防腐木,114.08.30,2026-06-29
21403928,prime cost,主要成本,115.05.05,2026-06-29
21403929,principal,被保证人,114.08.30,2026-06-29
21403930,"principal, interest, taxes, and insurance (PITI)",本金、利息、税金与保险费,114.08.30,2026-06-29
21403931,principles of contract award,决标原则,115.05.05,2026-06-29
21403932,probable maximum loss,最大可能损失{保险},115.06.02,2026-06-29
21403933,procurement identification,采购识别,115.05.05,2026-06-29
21403934,procurement not subject to any treaties or agreements,非条约协定采购,115.05.05,2026-06-29
21403935,procurement personnel,采购人员,115.05.05,2026-06-29
21403936,procurement value,采购金额,115.05.05,2026-06-29
21403937,procuring entity,采购单位,114.08.30,2026-06-29
21403938,profile grade (PG),纵坡度｛路工｝,114.08.30,2026-06-29
21403939,profile grade line (PGL),纵坡基线｛路工｝,114.08.30,2026-06-29
21403940,profilograph,平坦仪；轮廓仪,114.08.30,2026-06-29
21403941,Property Assessed Clean Energy (PACE) loan,PACE融资方案；建物清洁能源融资方案,114.08.30,2026-06-29
21403942,"property, plant and equipment (PP&E)",不动产、厂房及设备,114.08.30,2026-06-29
21403943,protest entity,受理异议机构,115.05.05,2026-06-29
21403944,public construction management information system,公共工程管理资讯系统,115.05.05,2026-06-29
21403945,public participation in construction surveillance,全民督工,115.05.05,2026-06-29
21403946,publication of tender awarding,决标公告,115.05.05,2026-06-29
21403947,pump mix,泵送混凝土配比,114.08.30,2026-06-29
21403948,pumpability,可泵度,114.08.30,2026-06-29
21403949,purchase and sale agreement (PSA),采购协议；买卖契约,115.05.05,2026-06-29
21403950,purchasing agency,采购机关,115.05.05,2026-06-29
21403951,pycnostyle,1.5倍柱径间距排列｛古建筑｝；密柱式,115.05.05,2026-06-29
21403952,Q system,Q系统｛岩体分类｝,114.08.30,2026-06-29
21403953,qualified written request (QWR),合格书面请求,114.08.30,2026-06-29
21403954,quality assurance management,品质保证管理,115.05.05,2026-06-29
21403955,quality control personnel,品质管制人员,115.05.05,2026-06-29
21403956,quality management system,品质管理系统,115.05.05,2026-06-29
21403957,quality manual,品质手册,115.05.05,2026-06-29
21403958,quality objective,品质目标,115.05.05,2026-06-29
21403959,quality organization,品管组织,115.05.05,2026-06-29
21403960,quality plan,品质计划,115.05.05,2026-06-29
21403961,quality policy,品质政策,115.05.05,2026-06-29
21403962,quality procedure,品质程序,115.05.05,2026-06-29
21403963,quality validation,品质确效,115.05.05,2026-06-29
21403964,quality verification,品质验证,115.05.05,2026-06-29
21403965,quarter round,圆角收边,114.08.30,2026-06-29
21403966,quartz flooring,石英树脂地板,114.08.30,2026-06-29
21403967,quench,淬火；骤冷,114.08.30,2026-06-29
21403968,question deadline,释疑请求期限,115.05.05,2026-06-29
21403969,rafter tie,屋架下系梁,113.10.01,2026-06-29
21403970,rainwater head,雨水斗；落水斗,114.08.30,2026-06-29
21403971,raised floor,高架地板；活动地板,114.08.30,2026-06-29
21403972,rake board,博风板；破风板,114.08.30,2026-06-29
21403973,ranch house,牧场式房屋,114.08.30,2026-06-29
21403974,rapid-hardening cement,速硬水泥；快干水泥,114.08.30,2026-06-29
21403975,Rational Formula,合理化公式｛水利｝,114.08.30,2026-06-29
21403976,ravine,峡谷；沟壑；沟谷 ,114.08.30,2026-06-29
21403977,ready mixed paint,调和漆,114.08.30,2026-06-29
21403978,ready-mixed concrete,预拌混凝土,114.08.30,2026-06-29
21403979,reasonably close conformity,合理近似符合,115.05.05,2026-06-29
21403980,recessed grid,半明架；内嵌式架｛天花板｝,114.08.30,2026-06-29
21403981,recording fee,地政登记规费,114.08.30,2026-06-29
21403982,red iron,赤铁,114.08.30,2026-06-29
21403983,red lead paint,红丹漆,114.08.30,2026-06-29
21403984,redline drawing,变更设计图,114.08.30,2026-06-29
21403985,reflective crack,反射裂缝,114.08.30,2026-06-29
21403986,reflective glass,反射玻璃,114.08.30,2026-06-29
21403987,reflective insulation,反射隔热； 反射绝缘,114.08.30,2026-06-29
21403988,refuge indicating lamp,避难指示灯,115.05.05,2026-06-29
21403989,register,格栅出风口,114.08.30,2026-06-29
21403990,rehabilitate-operate-transfer (ROT),改建-营运-移转,114.08.30,2026-06-29
21403991,relocation work,迁移作业,115.05.05,2026-06-29
21403992,remaining materials,剩余料；残料,115.05.05,2026-06-29
21403993,repayment plan,偿还计划,114.08.30,2026-06-29
21403994,replacement cost value (RCV),重置成本价值；置换成本价值,115.05.05,2026-06-29
21403995,reply deadline,回复期限,115.05.05,2026-06-29
21403996,request for tender (RFT),邀标,114.08.30,2026-06-29
21403997,resale,转售,115.05.05,2026-06-29
21403998,residual value,残值,115.05.05,2026-06-29
21403999,resistance coil,电阻线圈,113.10.01,2026-06-29
21404000,resource allocation and multi-project scheduling (RAMPS),资源分配与多重专案排程,114.08.30,2026-06-29
21404001,resource sheet,资源统计表,115.05.05,2026-06-29
21404002,resumption of work,复工,115.05.05,2026-06-29
21404003,retention,保留款,114.08.30,2026-06-29
21404004,retention money,保留款,115.05.05,2026-06-29
21404005,retrofit,翻新改建,114.08.30,2026-06-29
21404006,revenue service date (RSD),营运起始日期；营收起始日期,115.05.05,2026-06-29
21404007,reverse circulation pile,反循环桩,114.08.30,2026-06-29
21404008,reverse mortgage,反向抵押贷款,114.08.30,2026-06-29
21404009,reversed circulation cast-in-place pile,反循环场铸基桩,114.08.30,2026-06-29
21404010,review comments form,审查意见表,115.05.05,2026-06-29
21404011,review on technical proposal,技术标审查,115.05.05,2026-06-29
21404012,right of access,通行权,115.05.05,2026-06-29
21404013,right of rescission,撤销权；契约解除权,114.08.30,2026-06-29
21404014,rim joist,收边小梁,114.08.30,2026-06-29
21404015,riser diagram,升位图；升位图,114.08.30,2026-06-29
21404016,risk profile,风险概况；风险属性,115.06.02,2026-06-29
21404017,risk tolerance,风险容受；风险承受,115.06.02,2026-06-29
21404018,risky machinery,危险性机械,115.05.05,2026-06-29
21404019,river corridor,河川廊道,114.08.30,2026-06-29
21404020,rolled section,热轧型钢断面,114.08.30,2026-06-29
21404021,roller shutter,铁卷门,114.08.30,2026-06-29
21404022,rolling and compacting equipment,滚压机械,115.05.05,2026-06-29
21404023,roof jack,屋顶支架固定件；屋顶通风口盖,114.08.30,2026-06-29
21404024,roof lookout,屋簷水平支撑材,114.08.30,2026-06-29
21404025,roof valley,屋谷；屋顶排水沟,114.08.30,2026-06-29
21404026,roofing felt,屋顶防水毯；油毛毡,113.10.01,2026-06-29
21404027,rooter,松土机；除根机,114.08.30,2026-06-29
21404028,rough chip,粗碎石｛地坪｝,114.08.30,2026-06-29
21404029,rough opening,粗开口,114.08.30,2026-06-29
21404030,rough-in,初步配管线,114.08.30,2026-06-29
21404031,rough-in plumbing,给排水初步配管,113.10.01,2026-06-29
21404032,rumble strip,跳动路面；隆起警示压条,114.08.30,2026-06-29
21404033,sack mix,依水泥量之混凝土配比,114.08.30,2026-06-29
21404034,safe work method statement (SWMS),安全工法说明,114.08.30,2026-06-29
21404035,sale and leaseback,售后租回,114.08.30,2026-06-29
21404036,sand blasting,喷砂,114.08.30,2026-06-29
21404037,sand float finish,砂浮饰面,114.08.30,2026-06-29
21404038,sandblasted glass,磨砂玻璃,115.05.05,2026-06-29
21404039,sanitary piping,卫生污水配管,114.08.30,2026-06-29
21404040,sash balance,窗框平衡器,114.08.30,2026-06-29
21404041,saturated felt,油毛毡,114.08.30,2026-06-29
21404042,scarifier,松土机、翻土机,114.08.30,2026-06-29
21404043,scribing,不规则面接合｛木作｝；画线放样,114.08.30,2026-06-29
21404044,sealed bid,密封投标,114.08.30,2026-06-29
21404045,second mortgage,第二抵押,114.08.30,2026-06-29
21404046,secondary critical path ,次要径,115.05.05,2026-06-29
21404047,secondary suite,附属住宅单元；二级单元,115.05.05,2026-06-29
21404048,section of the works,部分工程；区段标工程,115.05.05,2026-06-29
21404049,section project,区段标工程,115.05.05,2026-06-29
21404050,security interest,担保权益,114.08.30,2026-06-29
21404051,sedimentary rock,沉积岩,114.08.30,2026-06-29
21404052,seepage force,渗流力,114.08.30,2026-06-29
21404053,seismic damage,震损,114.08.30,2026-06-29
21404054,selective tendering,选择性招标,114.08.30,2026-06-29
21404055,self assessment form,自主评量表,115.05.05,2026-06-29
21404056,self-drill screw,自钻螺丝,114.08.30,2026-06-29
21404057,self-tapping screw,自攻螺丝,114.08.30,2026-06-29
21404058,seller financing,卖方融资,114.08.30,2026-06-29
21404059,semigloss paint,半光漆,114.08.30,2026-06-29
21404060,septic permit,卫生污水许可,114.08.30,2026-06-29
21404061,septic system,卫生污水系统,114.08.30,2026-06-29
21404062,service lateral,用户周边管道,114.08.30,2026-06-29
21404063,setting out,测设；放样,114.08.30,2026-06-29
21404064,settlement point,沉陷监测点；结算点；和解点,114.08.30,2026-06-29
21404065,settlement rod,测沉杆；沉陷杆,114.08.30,2026-06-29
21404066,sewer tap,污水管接口,114.08.30,2026-06-29
21404067,S-glass fiber,高强度玻璃纤维；S型玻璃纤维,115.05.05,2026-06-29
21404068,shake roof,劈木瓦屋顶,114.08.30,2026-06-29
21404069,shared appreciation mortgage,增值共享抵押贷款,114.08.30,2026-06-29
21404070,shielded metal arc welding (SMAW),金属被复电弧銲,114.08.30,2026-06-29
21404071,shopfront,店面,114.08.30,2026-06-29
21404072,short sale,短售；低价出售,114.08.30,2026-06-29
21404073,sill cock,户外用水龙头,113.10.01,2026-06-29
21404074,site boarding,工区围篱,114.08.30,2026-06-29
21404075,site control survey,工地控制测量,115.05.05,2026-06-29
21404076,site hoarding,工区围篱,114.08.30,2026-06-29
21404077,site preparation,工地整备,115.05.05,2026-06-29
21404078,site work,工地工作,115.05.05,2026-06-29
21404079,skid-built construction,可移动式施工,114.08.30,2026-06-29
21404080,skin load,外壳耗能；外壳负载,114.08.30,2026-06-29
21404081,skybridge,空中通道；人行天桥,114.08.30,2026-06-29
21404082,skywalk,空中通道；人行天桥,114.08.30,2026-06-29
21404083,slot weld,槽銲,114.08.30,2026-06-29
21404084,smart pass automation system,智慧门禁系统；自动通关系统,114.08.30,2026-06-29
21404085,Smith Triaxial Method,史密司法｛沥青混凝土｝,114.08.30,2026-06-29
21404086,smoko,工作中休息时间,114.08.30,2026-06-29
21404087,social plaza,交谊大厅；社交广场,114.08.30,2026-06-29
21404088,soil pipe,污水管,114.08.30,2026-06-29
21404089,sound transmission class (STC),声音穿透等级；隔音等级,114.08.30,2026-06-29
21404090,spandrel glass,层间遮蔽玻璃｛帷幕墙｝,114.08.30,2026-06-29
21404091,spandrel panel,间隙板｛帷幕墙｝,114.08.30,2026-06-29
21404092,sparkie,电匠,114.08.30,2026-06-29
21404093,speculative house (spec house),成屋,114.08.30,2026-06-29
21404094,spillway,溢洪道,114.08.30,2026-06-29
21404095,splash block,护坦；挡水板,114.08.30,2026-06-29
21404096,splitter damper,分歧风门,114.08.30,2026-06-29
21404097,spoil disposal site,弃土区,114.08.30,2026-06-29
21404098,spot check,抽查,115.05.05,2026-06-29
21404099,squeegee,橡皮刮水器,114.08.30,2026-06-29
21404100,staff angle,护角条,115.06.02,2026-06-29
21404101,stainless steel pipe,不锈钢管,114.08.30,2026-06-29
21404102,stair landing,楼梯平台,114.08.30,2026-06-29
21404103,stair rise,楼梯阶高；楼梯级高,114.08.30,2026-06-29
21404104,stair run,楼梯阶深；楼梯级深,114.08.30,2026-06-29
21404105,standard penetration test (SPT),标准贯入试验,114.08.30,2026-06-29
21404106,standard practices of the trade,行业标准作法,114.08.30,2026-06-29
21404107,standard split-spoon sampling,标准劈管取样,114.08.30,2026-06-29
21404108,stand-up time,自立时间；免支撑时间,114.08.30,2026-06-29
21404109,statement of claim,索赔陈述书,115.05.05,2026-06-29
21404110,statistical quality control (SQC),统计品质管制,114.08.30,2026-06-29
21404111,steel reinforced concrete (SRC),钢骨钢筋混凝土,114.08.30,2026-06-29
21404112,step flashing,阶梯式泛水,114.08.30,2026-06-29
21404113,stick wall system,直横料系统｛帷幕墙｝,114.08.30,2026-06-29
21404114,stick-built construction,固定式施工,114.08.30,2026-06-29
21404115,stone masonry,砌石工程；砌块石,114.08.30,2026-06-29
21404116,stone pitching,铺砌石料；铺块石,114.08.30,2026-06-29
21404117,stool,支座；凳,114.08.30,2026-06-29
21404118,stop order,停工令,114.08.30,2026-06-29
21404119,stop tap box,止水阀开关箱,114.08.30,2026-06-29
21404120,storage,储存,115.05.05,2026-06-29
21404121,storage room,储藏室,114.08.30,2026-06-29
21404122,story,楼层,114.08.30,2026-06-29
21404123,strain transducer,应变感测器；应变计,114.08.30,2026-06-29
21404124,stress absorbing membrane interlayer (SAMI),应力吸收膜夹层,114.08.30,2026-06-29
21404125,stressmeter,应力计,114.08.30,2026-06-29
21404126,strip flooring,窄版木地板,114.08.30,2026-06-29
21404127,structural electrical and mechanical drawing (SEM drawing),结构机电图,114.08.30,2026-06-29
21404128,structural floor level (SFL),楼板结构完成面高程｛工程图｝；结构板顶高,115.05.05,2026-06-29
21404129,structural silicone,结构矽胶,114.08.30,2026-06-29
21404130,structural surface level (SSL),结构板顶高,115.05.05,2026-06-29
21404131,subbie,分包商,114.08.30,2026-06-29
21404132,subfloor,底层地板,114.08.30,2026-06-29
21404133,subject of procurement,采购标的,115.05.05,2026-06-29
21404134,submerged arc welding (SAW),潜弧銲,114.08.30,2026-06-29
21404135,subprime mortgage,次级抵押贷款,114.08.30,2026-06-29
21404136,subsoil,底土,114.08.30,2026-06-29
21404137,substantial completion of work,实质完工,115.05.05,2026-06-29
21404138,sulphate-bearing soil,含硫酸盐土壤,114.08.30,2026-06-29
21404139,superior entity,上级单位,115.05.05,2026-06-29
21404140,supervision organization,监造组织,115.05.05,2026-06-29
21404141,supervision personnel,监造人员,115.05.05,2026-06-29
21404142,supervision record form,监造纪录表,115.05.05,2026-06-29
21404143,surcharge,加载；超载,114.08.30,2026-06-29
21404144,surface recycling,面层回收再利用｛沥青铺面｝,114.08.30,2026-06-29
21404145,surfacing,面层铺设,114.08.30,2026-06-29
21404146,surveillance record form,督导纪录表,115.05.05,2026-06-29
21404147,suspension bridge,悬索桥；吊桥,114.08.30,2026-06-29
21404148,suspension of work,停工,115.05.05,2026-06-29
21404149,syncline,向斜层,114.08.30,2026-06-29
21404150,systyle,2倍柱径间距排列｛古建筑｝；疏柱式,115.05.05,2026-06-29
21404151,T bar,T型杆,114.08.30,2026-06-29
21404152,tamping,捣实,114.08.30,2026-06-29
21404153,tandem roller,串联式滚压机；双钢轮压路机,114.08.30,2026-06-29
21404154,technical services,技术服务,115.05.05,2026-06-29
21404155,teflon,聚四氟乙烯；铁氟龙,114.08.30,2026-06-29
21404156,temperature steel,温度钢筋,114.08.30,2026-06-29
21404157,temporary work,临时工程,115.05.05,2026-06-29
21404158,tender,投标,114.08.30,2026-06-29
21404159,tender amount,投标金额,115.05.05,2026-06-29
21404160,tender awarding date,决标日期,115.05.05,2026-06-29
21404161,tender document,招标文件,114.08.30,2026-06-29
21404162,tender offer,投标报价；投标,114.08.30,2026-06-29
21404163,tender offer document,投标文件,114.08.30,2026-06-29
21404164,tender opening date,开标日期,115.05.05,2026-06-29
21404165,tendering authority,招标机关,114.08.30,2026-06-29
21404166,tendering period,等标期,115.05.05,2026-06-29
21404167,termite shield,白蚁屏障；白蚁防护罩,114.08.30,2026-06-29
21404168,terracotta,赤陶土；红陶土,114.08.30,2026-06-29
21404169,thin wall tube sampling,薄管取样,114.08.30,2026-06-29
21404170,three-level quality management,三级品管,115.05.05,2026-06-29
21404171,threshold for announced procurement,公告金额,115.05.05,2026-06-29
21404172,threshold for large procurement,巨额采购金额,115.05.05,2026-06-29
21404173,threshold for small procurement,小额采购金额,115.05.05,2026-06-29
21404174,threshold for supervised procurement,查核金额,115.05.05,2026-06-29
21404175,tie tamper,夯道机;轨枕捣实器,115.06.02,2026-06-29
21404176,timber frame construction,木框式构造,114.08.30,2026-06-29
21404177,time for completion,竣工期限,115.05.05,2026-06-29
21404178,title insurance,产权保险,114.08.30,2026-06-29
21404179,top management,高阶管理；高层管理,115.05.05,2026-06-29
21404180,topcoat,外涂层；面层｛油漆｝,114.08.30,2026-06-29
21404181,topsoil,表土,114.08.30,2026-06-29
21404182,total cost,总成本,115.05.05,2026-06-29
21404183,total interest percentage (TIP),总利息百分比,114.08.30,2026-06-29
21404184,total quality control (TQC),全面品质管制,114.08.30,2026-06-29
21404185,touch up,补漆,114.08.30,2026-06-29
21404186,traffic paint,道路标线漆,114.08.30,2026-06-29
21404187,travel lane,行车道,114.08.30,2026-06-29
21404188,trencher,挖沟机,115.05.05,2026-06-29
21404189,Tube à Manchette grouting (TAM grouting) ,马歇尔管灌浆；双环塞灌浆,115.05.05,2026-06-29
21404190,turfing,铺设草皮,114.08.30,2026-06-29
21404191,"turned, ground and polished (TGP)",车削、研磨和抛光,114.08.30,2026-06-29
21404192,turning vane,顺风片,114.08.30,2026-06-29
21404193,ulti-matte paint,哑光漆；雾面漆,114.08.30,2026-06-29
21404194,undercoat,底漆；底涂层,114.08.30,2026-06-29
21404195,underdrain,地下排水,114.08.30,2026-06-29
21404196,underfloor air distribution (UFAD),地板式送风系统；地板式送风空调,114.08.30,2026-06-29
21404197,uniaxial compressive strength,单轴抗压强度；单轴压缩强度,114.08.30,2026-06-29
21404198,uninterruptible power supply (UPS),不断电系统,114.08.30,2026-06-29
21404199,unitized system,单元化系统｛帷幕墙｝,114.08.30,2026-06-29
21404200,unit-price contract,单价承揽契约,114.08.30,2026-06-29
21404201,upstand,立牌；立板,114.08.30,2026-06-29
21404202,urinal,小便斗,114.08.30,2026-06-29
21404203,vacation,排除,114.08.30,2026-06-29
21404204,valley flashing,屋谷泛水,114.08.30,2026-06-29
21404205,vanilla shell,标配屋,114.08.30,2026-06-29
21404206,variation order (VO),契约变更指示,115.05.05,2026-06-29
21404207,varnish,清漆；亮光漆；凡立水,114.08.30,2026-06-29
21404208,vegetation engineering,植生工程,114.08.30,2026-06-29
21404209,vehicle impoundment,车辆扣押,114.08.30,2026-06-29
21404210,vehicle-bridge resonance,车桥共振,114.08.30,2026-06-29
21404211,vehicular bridge,车行桥；公路桥,114.08.30,2026-06-29
21404212,vehicular underpass,车行地下道,114.08.30,2026-06-29
21404213,ventilation shaft,通气管道；通风井；通风坑,114.08.30,2026-06-29
21404214,vinyl flooring,胶地板；PVC地板；乙烯基地板,114.08.30,2026-06-29
21404215,vinyl tile,塑胶地砖,114.08.30,2026-06-29
21404216,virtual design and construction (VDC),虚拟设计与施工,114.08.30,2026-06-29
21404217,vision glass,透视玻璃,114.08.30,2026-06-29
21404218,voided biaxial slab,中空双向板,114.08.30,2026-06-29
21404219,volume damper,风量风门,114.08.30,2026-06-29
21404220,waferboard,定向刨花密集板,113.10.01,2026-06-29
21404221,waiver,弃权；弃权书,114.08.30,2026-06-29
21404222,walkthrough,走查,114.08.30,2026-06-29
21404223,warm shell,标配屋,114.08.30,2026-06-29
21404224,warning water level,警戒水位,114.08.30,2026-06-29
21404225,wash primer,伐锈底漆,114.08.30,2026-06-29
21404226,waste materials,废料,115.05.05,2026-06-29
21404227,waste pipe,废水管,114.08.30,2026-06-29
21404228,wasteway,溢洪道；废水道,114.08.30,2026-06-29
21404229,water accessibility,用水可及性,114.08.30,2026-06-29
21404230,water cement ratio,水灰比,114.08.30,2026-06-29
21404231,water leakage,漏水,115.05.05,2026-06-29
21404232,water meter vault,水表箱,114.08.30,2026-06-29
21404233,water meter yoke,水表管架,114.08.30,2026-06-29
21404234,water tap,水龙头,114.08.30,2026-06-29
21404235,water tank,水箱；蓄水池；水塔,114.08.30,2026-06-29
21404236,weather strip,防风雨条；密封条,114.08.30,2026-06-29
21404237,weatherization,耐候防护工程,114.08.30,2026-06-29
21404238,weatherstrip,挡风雨条；门窗密封条,114.08.30,2026-06-29
21404239,weeping tile,渗透排水管,114.08.30,2026-06-29
21404240,weighted joint density,加权节理密度｛岩石｝,114.08.30,2026-06-29
21404241,well point,点井,114.08.30,2026-06-29
21404242,white box,标配屋,114.08.30,2026-06-29
21404243,whole house fan,全屋风扇,114.08.30,2026-06-29
21404244,wind bracing,抗风斜撑,114.08.30,2026-06-29
21404245,wind tunnel test,风洞试验,114.08.30,2026-06-29
21404246,window buck,窗开口预留框,114.08.30,2026-06-29
21404247,wire nut,电线螺母；电线螺帽,114.08.30,2026-06-29
21404248,wood floor finish,木质地板装修,114.08.30,2026-06-29
21404249,yard of concrete,立方码混凝土,114.08.30,2026-06-29
21404250,z-bar flashing,z型泛水版,114.08.30,2026-06-29
21404251,zinc chromate primer,锌铬黄底漆,114.08.30,2026-06-29
21404252,zone valve,分区阀,114.08.30,2026-06-29
