ID,英文名詞,中文名詞,審譯日期,更新日期
21381924,abrasion action,磨蚀作用,113.06.14,2025-11-13
21381925,abrasives,研磨料；研磨物,113.06.14,2026-04-30
21381926,absolute age,绝对年龄,113.06.14,2026-04-30
21381927,absolute dating,绝对定年,113.06.14,2025-11-13
21381928,absolute solid density,绝对固体密度,113.04.25,2026-04-30
21381929,absorbed layer,吸收层,113.06.14,2026-04-30
21381930,absorbed water,吸收水,113.06.14,2026-04-30
21381931,absorption limit,吸收界限,113.06.14,2026-04-30
21381932,absorption loss,吸收损失,113.06.14,2026-04-30
21381933,abutment,桥台；坝座,113.06.14,2026-04-30
21381934,abutment wall,桥台翼墙,113.06.14,2026-04-30
21381935,abysmal deposit,深海沉积,113.06.14,2026-04-30
21381936,acceptable wave condition,容许波浪条件,113.06.14,2026-04-30
21381937,accident investigation,意外调查；事故调查,113.06.14,2026-04-30
21381938,accident report,意外事件报告；意外事故报告,113.06.14,2026-04-30
21381939,accident statistics,意外事件统计；意外事故统计,113.06.14,2026-04-30
21381940,accidental loading,意外荷载；意外载重,113.06.14,2025-11-13
21381941,accredited private laboratory,认证私营实验室,113.06.14,2026-04-30
21381942,accumulated deformation,累积变形,113.06.14,2026-04-30
21381943,accuracy,精度,113.06.14,2026-04-30
21381944,acidic corrosion,酸性腐蚀,113.06.14,2026-04-30
21381945,acidic igneous rock,酸性火成岩,113.06.14,2026-04-30
21381946,acidity and alkalinity test,酸碱度试验,113.06.14,2026-04-30
21381947,acidity test,酸度试验,113.06.14,2026-04-30
21381948,acid-pickling,酸洗；酸浸,113.06.14,2026-04-30
21381949,acoustic detection,声辐探测,113.06.14,2025-11-13
21381950,Acoustic Doppler Current Profiler (ADCP),声波都卜勒流速剖面量测仪；声波都卜勒流剖仪,113.06.14,2026-04-30
21381951,acoustic emission monitoring,声射监测；音射监测,113.06.14,2026-04-30
21381952,acoustic exploration,声辐探勘,113.06.14,2026-04-30
21381953,acoustic frequency geo-electric field method,声频大地电场法,113.06.14,2026-04-30
21381954,acoustic piezometer,声辐测压计,113.06.14,2026-04-30
21381955,acrylamide grouting,丙烯醯胺灌浆,113.06.14,2026-04-30
21381956,active clay,活性黏土,113.06.14,2026-04-30
21381957,active earth pressure,主动土压力,113.04.19,2025-11-13
21381958,active fault,活动断层,113.06.14,2026-04-30
21381959,active isolation,主动隔振；主动隔离,113.06.14,2026-04-30
21381960,active period,活动期；活跃期,113.06.14,2026-04-30
21381961,active stabilizer,活性稳定剂,113.06.14,2026-04-30
21381962,active state,主动状态,113.06.14,2026-04-30
21381963,active water,活性水,113.06.14,2026-04-30
21381964,active zone,主动区；活性区,113.06.14,2026-04-30
21381965,activity,活性,113.06.14,2026-04-30
21381966,activity index,活性指数,113.04.19,2025-11-13
21381967,additional stress,额外应力,113.06.14,2026-04-30
21381968,adhesion,黏著力；黏著作用,113.06.14,2026-04-30
21381969,adhesive,黏合剂；黏著剂,113.06.14,2026-04-30
21381970,admiralty chart,海图,113.06.14,2026-04-30
21381971,admixture,掺料；混合物,113.06.14,2026-04-30
21381972,advance works,前期工程；先期作业,113.06.14,2026-04-30
21381973,adverse geological condition,不良地质情况；不良地质条件,113.06.14,2026-04-30
21381974,aeolian deposit,风积层；风积土,113.04.19,2025-11-13
21381975,aeolian soil,风积土,113.06.14,2026-04-30
21381976,aerated water,气溶水,113.06.14,2026-04-30
21381977,aeration zone,通气带,113.06.14,2026-04-30
21381978,aeration zone water,通气带水,113.06.14,2026-04-30
21381979,aerobe,好氧菌；需氧菌,113.06.14,2026-04-30
21381980,age dating,定年,113.06.14,2025-11-13
21381981,ageing,老化,113.06.14,2026-04-30
21381982,agglomerate,集块岩,113.06.14,2026-04-30
21381983,aggregate,团粒；粒料,113.06.14,2026-04-30
21381984,aggregate abrasion value,粒料耐磨值,113.06.14,2026-04-30
21381985,aggregate impact value,粒料冲击强度值,113.06.14,2026-04-30
21381986,agitator,搅拌器,113.06.14,2026-04-30
21381987,A-horizon,土壤A层；土壤风化表层,113.06.14,2026-04-30
21381988,air compressor,空气压缩机,113.06.14,2026-04-30
21381989,air content,含气率 ,113.06.14,2025-11-13
21381990,air jet,喷射气流；喷嘴,113.06.14,2026-04-30
21381991,air permeability,透气性；透气率,113.06.14,2026-04-30
21381992,air permeability test,透气性试验；透气率试验,113.06.14,2026-04-30
21381993,air void,空气孔隙；气隙,113.06.14,2025-11-13
21381994,air void ratio,气隙比 ,113.06.14,2025-11-13
21381995,air-dried soil,气干土,113.06.14,2026-04-30
21381996,air-lift equipment,气升设备；气升泵,113.06.14,2026-04-30
21381997,air-lock,气闸,113.06.14,2026-04-30
21381998,alert level,警戒层级；警戒值,113.06.14,2026-04-30
21381999,alignment,定线；路线,113.06.14,2025-11-13
21382000,alignment survey,定线测量,113.06.14,2026-04-30
21382001,A-line,塑性图A线,113.06.14,2026-04-30
21382002,allowable amplitude,容许振幅,113.06.14,2026-04-30
21382003,allowable bearing capacity,容许承载力；容许支承力,113.06.14,2025-11-13
21382004,allowable deformation,容许变形,113.06.14,2026-04-30
21382005,allowable displacement,容许位移,113.06.14,2026-04-30
21382006,allowable error,容许误差,113.06.14,2026-04-30
21382007,allowable loading,容许荷载 ,113.06.14,2025-11-13
21382008,allowable settlement,容许沉陷量,113.06.14,2026-04-30
21382009,alluvial plain,冲积平原,113.06.14,2026-04-30
21382010,alluvial soil,冲积土,113.06.14,2026-04-30
21382011,alluvial terrace,冲积阶地,113.06.14,2026-04-30
21382012,alluvium,冲积物；冲积层,113.06.14,2026-04-30
21382013,all-weather,全天候,113.06.14,2026-04-30
21382014,alternating loading,反复荷载,113.06.14,2025-11-13
21382015,altimeter,测高仪,113.06.14,2026-04-30
21382016,altitude,高程；海拔,113.06.14,2026-04-30
21382017,aluminum octahedron,铝八面体,113.06.14,2026-04-30
21382018,ambient pressure,环境压力,113.06.14,2026-04-30
21382019,ambient temperature,环境温度,113.06.14,2026-04-30
21382020,amplification factor,放大因数,113.06.14,2026-04-30
21382021,amplitude ratio,振幅比,113.06.14,2026-04-30
21382022,anaerobe,厌氧菌；厌氧生物,113.06.14,2026-04-30
21382023,anaerobic sulfate-reducing bacteria,厌氧硫酸盐还原菌,113.06.14,2025-11-13
21382024,anchor pile,锚定桩,113.06.14,2026-04-30
21382025,anchor plate,锚定板,113.06.14,2026-04-30
21382026,anchor rod,锚杆,113.06.14,2026-04-30
21382027,anchor slab,锚定版,113.04.19,2025-11-13
21382028,anchor wall,锚定墙,113.06.14,2026-04-30
21382029,anchored retaining wall,锚定式挡土墙,113.05.22,2025-11-13
21382030,ancillary works,附属工程,113.06.14,2026-04-30
21382031,andesite,安山岩,113.06.14,2026-04-30
21382032,andesite tuff,安山凝灰岩,113.06.14,2026-04-30
21382033,anemometer,风速计,113.06.14,2026-04-30
21382034,ANFO blasting agent,硝酸铵油混合炸药,113.06.14,2026-04-30
21382035,angle of contact,接触角,113.06.14,2026-04-30
21382036,angle of dilatancy,膨胀角,113.06.14,2026-04-30
21382037,angle of external friction,外摩擦角,113.06.14,2026-04-30
21382038,angle of inclination,倾角,113.06.14,2026-04-30
21382039,angle of internal friction,内摩擦角,113.04.19,2025-11-13
21382040,angle of reach,抵达角,113.06.14,2026-04-30
21382041,angle of repose,安息角,113.06.14,2026-04-30
21382042,angle of skin friction,表面摩擦角,113.06.14,2026-04-30
21382043,angle of slope,坡角；斜坡角度,113.06.14,2026-04-30
21382044,angle of wall friction (δ) ,墙背摩擦角,113.06.14,2026-04-30
21382045,angularity chart,棱角度对比图,113.07.11,2026-04-30
21382046,angularity factor,棱角度因数,113.07.11,2026-04-30
21382047,anhydrite,硬石膏；无水石膏,113.07.11,2026-04-30
21382048,anion adsorption,阴离子吸附,113.07.11,2026-04-30
21382049,anion exchange,阴离子交换,113.07.11,2026-04-30
21382050,anisotropic consolidation,异向性压密；异向性固结,113.07.11,2026-04-30
21382051,anisotropic hardening,异向性硬化,113.07.11,2026-04-30
21382052,anisotropic medium,异向性介质,113.07.11,2026-04-30
21382053,anisotropic soil,异向性土壤,113.07.11,2026-04-30
21382054,anisotropy,异向性,113.07.11,2026-04-30
21382055,anticline,背斜,113.07.11,2026-04-30
21382056,anti-slide pile,抗滑桩,113.07.11,2026-04-30
21382057,anvil,砧,113.07.11,2026-04-30
21382058,aplite,细晶岩,113.07.11,2026-04-30
21382059,apparent angle of internal friction,视内摩擦角,113.07.11,2026-04-30
21382060,apparent bulk density,视统体密度,113.04.25,2026-04-30
21382061,apparent cohesion,视凝聚力,113.04.25,2026-04-30
21382062,apparent preconsolidation pressure,视预压密压力,113.07.11,2026-04-30
21382063,apparent saturated density,视饱和密度,113.04.25,2025-11-13
21382064,apparent saturated surface dry density,视饱和面干密度,113.04.25,2025-11-13
21382065,apparent shearing strength,视抗剪强度,113.07.11,2026-04-30
21382066,apparent velocity,视流速,113.07.11,2026-04-30
21382067,apron,护坦,113.07.11,2026-04-30
21382068,aquiclude,不透水层,113.07.11,2026-04-30
21382069,aquifer,含水层,113.07.11,2026-04-30
21382070,aquitard,阻水层；半透水层；滞水层,113.07.11,2026-04-30
21382071,arch action,拱作用 ,113.07.11,2025-11-13
21382072,arching,成拱作用,113.07.11,2026-04-30
21382073,area load,面荷载,113.07.11,2026-04-30
21382074,area ratio,面积比,113.07.11,2026-04-30
21382075,argillaceous rock,泥质岩,113.07.11,2026-04-30
21382076,arid region,干燥区,113.07.11,2026-04-30
21382077,armour,护面,113.07.11,2026-04-30
21382078,armour layer,护面层,113.07.11,2026-04-30
21382079,armour rock,护面块石,113.07.11,2026-04-30
21382080,artesian aquifer,自流含水层,113.07.11,2026-04-30
21382081,artesian basin,自流盆地,113.07.11,2026-04-30
21382082,artificial ground,人工地盘,113.07.11,2026-04-30
21382083,aseismatic design,耐震设计,113.07.11,2026-04-30
21382084,aseismic region,无震区,113.07.11,2026-04-30
21382085,asphalt mix design,沥青配比设计,113.07.11,2026-04-30
21382086,asphalt paver,沥青铺面机,113.07.11,2026-04-30
21382087,associated  flow rule,谐和流法则,113.07.11,2025-11-13
21382088,attenuation,衰减,113.07.11,2026-04-30
21382089,Atterberg limits,阿太堡限度,113.07.11,2026-04-30
21382090,attitude,位态,113.07.11,2026-04-30
21382091,auger,螺旋钻,113.07.11,2026-04-30
21382092,auger bit,螺旋钻头,113.07.11,2026-04-30
21382093,auger boring,螺旋钻探,113.07.11,2026-04-30
21382094,auger drill,螺旋钻,113.07.11,2026-04-30
21382095,auger pile,螺旋钻掘桩,113.07.11,2026-04-30
21382096,autograph,自动绘图机,113.07.11,2026-04-30
21382097,autographic record,自动记录,113.07.11,2026-04-30
21382098,automatic rain gauge,自动雨量计,113.07.11,2026-04-30
21382099,avalanche,崩滑；山崩；雪崩,113.07.11,2026-04-30
21382100,axial bearing capacity,轴向承载力,113.07.11,2026-04-30
21382101,axial compression,轴向压缩,113.07.11,2026-04-30
21382102,axial extension test,轴向拉伸试验,113.07.11,2026-04-30
21382103,axial load,轴向荷载,113.07.11,2026-04-30
21382104,axial pressure,轴向压力,113.07.11,2026-04-30
21382105,axial strain,轴向应变,113.07.11,2026-04-30
21382106,axial stress,轴向应力,113.07.11,2026-04-30
21382107,axial symmetry,轴对称,113.07.11,2026-04-30
21382108,azimuth,方位角,113.07.11,2026-04-30
21382109,back analysis,反算分析,113.07.11,2026-04-30
21382110,back calculation,反算法,113.07.11,2026-04-30
21382111,back drain,墙背排水,113.07.11,2026-04-30
21382112,back pressure,背压；反压；反水压,113.07.11,2026-04-30
21382113,backfill,回填土；回填,113.07.11,2026-04-30
21382114,background noise level,背景噪音位准；背景噪音水平,113.07.11,2026-04-30
21382115,backward erosion,逆向侵蚀,113.07.11,2026-04-30
21382116,backwater effect,回水作用,113.07.11,2026-04-30
21382117,bad land,恶地；劣地,113.07.11,2026-04-30
21382118,bagged concrete,袋装混凝土,113.07.11,2026-04-30
21382119,bailer,汲筒,113.07.11,2026-04-30
21382120,balance cone,平衡锥｛稠度试验｝,113.07.11,2026-04-30
21382121,ballast,道碴,113.07.11,2026-04-30
21382122,balloon densimeter,球式密度计,113.07.11,2026-04-30
21382123,balloon volumeter,球式体积仪,113.07.11,2026-04-30
21382124,band-shaped prefabricated drain,带状预制排水板,113.07.11,2026-04-30
21382125,bank,堤岸；河岸,113.07.11,2025-11-13
21382126,bar bending schedule,钢筋加工表,113.08.22,2026-04-30
21382127,barge,驳船；平底船,113.07.11,2026-04-30
21382128,barging point,驳船点,113.07.11,2026-04-30
21382129,barrette,方形桩；矩形桩,113.08.22,2026-04-30
21382130,barrette pile,壁桩 ,113.08.22,2025-11-13
21382131,barrier effect,屏障效应,113.08.22,2026-04-30
21382132,basal conglomerate,底砾岩；基底砾岩,113.08.22,2026-04-30
21382133,basalt,玄武岩,113.08.22,2026-04-30
21382134,basalt dyke,玄武岩岩脉,113.08.22,2026-04-30
21382135,base course,底层,113.08.22,2026-04-30
21382136,base level,基准面,113.08.22,2026-04-30
21382137,basic igneous rock,基性火成岩,113.08.22,2026-04-30
21382138,batholith,岩基,113.08.22,2026-04-30
21382139,bathymetry,测深法；测深学,113.08.22,2026-04-30
21382140,Baume hydrometer,波美比重计,113.08.22,2026-04-30
21382141,bearing capacity,承载力,113.08.22,2026-04-30
21382142,bearing capacity factor,承载力因数,113.08.22,2026-04-30
21382143,bearing graph,承载力曲线图,113.08.22,2026-04-30
21382144,bearing layer,承载层,113.08.22,2026-04-30
21382145,bearing pile,支承桩；承载桩,113.08.22,2026-04-30
21382146,bearing plate,承载板,113.08.22,2026-04-30
21382147,bearing stratum,承载层；承载地层,113.08.22,2025-11-13
21382148,bearing test,载重试验；载荷试验,113.08.22,2026-04-30
21382149,bedding,层理；层面,113.08.22,2026-04-30
21382150,bedding layer,垫层；底层,113.08.22,2026-04-30
21382151,bedding plane,层面,113.08.22,2026-04-30
21382152,bedrock,基岩；基盘,113.08.22,2026-04-30
21382153,belled pile,扩座桩,113.08.22,2026-04-30
21382154,belling bucket,扩座挖斗,113.08.22,2026-04-30
21382155,benched foundation,阶式基础,113.08.22,2026-04-30
21382156,bending strength,抗弯强度,113.08.22,2026-04-30
21382157,bentonite,膨润土,113.08.22,2026-04-30
21382158,bentonite liner,膨润土衬垫,113.08.22,2026-04-30
21382159,bentonite slurry,膨润土泥浆,113.08.22,2026-04-30
21382160,berm,护堤,113.08.22,2026-04-30
21382161,bermstone,护脚石；护堤石,113.08.22,2026-04-30
21382162,berth,泊位,113.08.22,2026-04-30
21382163,berthing,停泊,113.08.22,2026-04-30
21382164,berthing condition,靠泊条件,113.08.22,2026-04-30
21382165,B-horizon,B积层,113.08.22,2026-04-30
21382166,bias of risk,风险偏差,113.08.22,2026-04-30
21382167,biaxial state of stress,双轴应力状态,113.08.22,2026-04-30
21382168,bilinear model,双线性模式,113.08.22,2026-04-30
21382169,bills of quantities,数量清单；工料清单,113.08.22,2026-04-30
21382170,binder,胶结料；黏结剂；结合料,113.04.25,2025-11-13
21382171,binder course,黏结层,113.08.22,2026-04-30
21382172,Bingham model,宾汉模式,113.08.22,2026-04-30
21382173,biological weathering,生物风化,113.08.22,2026-04-30
21382174,biotite,黑云母,113.08.22,2026-04-30
21382175,Biot's consolidation theory ,Biot压密理论,113.08.22,2026-04-30
21382176,bird's-eye view,鸟瞰图；俯视图,113.08.22,2026-04-30
21382177,Bishop's simplified method of slice,Bishop简化切片法,113.08.22,2026-04-30
21382178,bit,钻头,113.04.25,2025-11-13
21382179,bitumen,沥青,113.08.22,2026-04-30
21382180,bitumen grouting,沥青灌浆,113.08.22,2026-04-30
21382181,blanket grouting,覆毯灌浆；护坦灌浆；铺盖灌浆,113.08.22,2025-11-13
21382182,blast,爆破,113.08.22,2026-04-30
21382183,blastibility,可爆破度,113.04.25,2025-11-13
21382184,blasting compaction,炸震夯实；炸震压实,113.04.19,2025-11-13
21382185,blasting compaction method,炸震夯实法,113.08.22,2026-04-30
21382186,blasting works,爆破工程,113.08.22,2026-04-30
21382187,bleeder well,减压井；泄压井,113.08.22,2026-04-30
21382188,bleeding,溢流；泌水｛水泥混凝土｝；泛油｛沥青混凝土｝,113.04.25,2026-04-30
21382189,bleeding rate,溢流率；泌水速率｛水泥混凝土｝,113.04.25,2026-04-30
21382190,blind catch basin,截留阴井；截留盲井,113.08.22,2026-04-30
21382191,blind drain,盲沟,113.08.22,2026-04-30
21382192,blinding layer,垫层,113.08.22,2026-04-30
21382193,blockage,堵塞；淤塞,113.08.22,2026-04-30
21382194,blockwork wall,砌块墙,113.08.22,2026-04-30
21382195,blow count,打击数,113.08.22,2026-04-30
21382196,blow-in,涌入,113.04.25,2025-11-13
21382197,bluff,陡岸；悬崖；峭壁,113.08.22,2026-04-30
21382198,body force,彻体力；物体力,113.08.22,2026-04-30
21382199,body wave,体波,113.08.22,2026-04-30
21382200,bog,沼泽,113.04.25,2025-11-13
21382201,boiling,砂涌,113.08.22,2026-04-30
21382202,bolt,螺栓,113.08.22,2026-04-30
21382203,bolting,栓固,113.08.22,2026-04-30
21382204,bond,握裹；黏著；黏结,113.08.22,2026-04-30
21382205,bonding,键结；黏合；结合,113.08.22,2026-04-30
21382206,bookhouse fabric,书堆组构,113.08.22,2026-04-30
21382207,border pile,地界桩,113.08.22,2026-04-30
21382208,bored pile,钻掘桩,113.08.22,2026-04-30
21382209,borehole,钻孔,113.08.22,2026-04-30
21382210,borehole camera,孔内摄影机,113.08.22,2026-04-30
21382211,borehole extensometer,孔内伸张仪,113.08.22,2026-04-30
21382212,borehole log,钻孔柱状图,113.04.25,2025-11-13
21382213,borehole logging,井录,113.04.19,2025-11-13
21382214,borehole specimen,钻孔试样,113.08.22,2026-04-30
21382215,borehole television log,钻孔摄影柱状图,113.04.25,2025-11-13
21382216,borescope,管道镜,113.08.22,2026-04-30
21382217,boring (for ground investigation),钻孔；钻探,113.08.22,2026-04-30
21382218,boring bit,钻头,113.08.22,2026-04-30
21382219,boring casing,钻探套管；钻孔套管,113.08.22,2026-04-30
21382220,boring frame,钻架,113.08.22,2026-04-30
21382221,boring log,钻孔柱状图,113.04.19,2025-11-13
21382222,boring machine,钻机,113.08.22,2026-04-30
21382223,boring rig,钻机,113.08.22,2026-04-30
21382224,boring rod,钻杆,113.08.22,2026-04-30
21382225,borrow area,借土区,113.08.22,2026-04-30
21382226,borrow pit,取土坑,113.08.22,2026-04-30
21382227,bottom charge,底部装药,113.04.25,2025-11-13
21382228,bottom dump,底式卸载,113.08.22,2026-04-30
21382229,bottom heave,底部隆起,113.08.22,2026-04-30
21382230,bottom pressure,底部压力,113.08.22,2026-04-30
21382231,boulder,巨砾；巨石,113.04.19,2025-11-13
21382232,boulder clay,冰川砾泥；冰砾泥,113.09.10,2025-11-13
21382233,boulder fence,防石栏,113.09.10,2026-04-30
21382234,bound water,束缚水；结合水,113.09.10,2026-04-30
21382235,boundary condition,边界条件,113.09.10,2026-04-30
21382236,boundary element,边界元素,113.09.10,2026-04-30
21382237,boundary element method,边界元素法,113.09.10,2026-04-30
21382238,boundary element method (BEM),边界元素法,114.08.22,2025-11-13
21382239,boundary mark,界标,113.09.10,2026-04-30
21382240,boundary wall,边界墙,113.09.10,2026-04-30
21382241,Bourdon gauge,巴登管压力计,113.09.10,2026-04-30
21382242,Boussinesq solution,布新内斯克解,113.09.10,2026-04-30
21382243,Boussinesq theory,布新内斯克理论,113.09.10,2026-04-30
21382244,box caisson,箱型沈箱,113.09.10,2026-04-30
21382245,box culvert,箱涵,113.09.10,2026-04-30
21382246,box foundation,箱型基础,113.09.10,2026-04-30
21382247,box pile,箱型桩,113.09.10,2026-04-30
21382248,B-parameter,孔隙压力系数B,113.09.10,2026-04-30
21382249,braced excavation,支撑开挖,113.09.10,2026-04-30
21382250,braced sheeting,支撑挡板,113.09.10,2026-04-30
21382251,bracing,支撑,113.09.10,2026-04-30
21382252,Brazilian test,巴西人试验,113.09.10,2026-04-30
21382253,break damage,破裂损坏,113.09.10,2026-04-30
21382254,breakdown pressure,破裂压力,113.09.10,2026-04-30
21382255,breaking strain,破裂应变；断裂应变,113.09.10,2026-04-30
21382256,breaking stress,破裂应力；断裂应力,113.09.10,2026-04-30
21382257,breaking wave,碎波,113.09.10,2026-04-30
21382258,breakwater,防波堤,113.09.10,2026-04-30
21382259,breakwater stone,防波抛石,113.04.25,2025-11-13
21382260,breast wall,胸墙,113.09.10,2026-04-30
21382261,breccia,角砾岩,113.09.10,2026-04-30
21382262,bridge abutment,桥台,113.09.10,2026-04-30
21382263,British Standards (BS),英国标准,113.09.10,2026-04-30
21382264,British Standards Institution (BSI),英国标准协会 ,113.09.10,2025-11-13
21382265,brittle failure,脆性破坏,113.09.10,2026-04-30
21382266,brittle fracture,脆裂；脆性破裂,113.09.10,2026-04-30
21382267,brittleness index,脆性指数,113.09.10,2026-04-30
21382268,Brownian movement,布朗运动,113.09.10,2026-04-30
21382269,bucket auger,勺形钻,113.09.10,2026-04-30
21382270,bucket dredger,斗式挖泥船,113.09.10,2026-04-30
21382271,buckling,挫屈,113.09.10,2026-04-30
21382272,bulb pile,球根桩,113.09.10,2026-04-30
21382273,bulging,鼓胀,113.09.10,2025-11-13
21382274,bulk compressibility,统体压缩性,113.09.10,2026-04-30
21382275,bulk density,统体密度,113.09.10,2026-04-30
21382276,bulk explosive,散装炸药,113.09.10,2026-04-30
21382277,bulk modulus,统体模数,113.09.10,2026-04-30
21382278,bulk shrinkage,体缩,113.09.10,2026-04-30
21382279,bulk solid,统体固体,113.04.25,2025-11-13
21382280,bulk unit weight,统体单位重,113.09.10,2026-04-30
21382281,bulk volume,统体体积,113.09.10,2026-04-30
21382282,bulk weight,统体重,113.09.10,2026-04-30
21382283,bulkhead,挡土壁；端版；膈板；隔墙,113.04.25,2025-11-13
21382284,bunker,贮坑,113.04.25,2025-11-13
21382285,buoy,浮标,113.09.10,2026-04-30
21382286,buoyancy,浮力,113.09.10,2026-04-30
21382287,buoyant density,浸水密度 ,114.01.13,2025-11-13
21382288,buoyant foundation,浮筏基础,113.09.10,2026-04-30
21382289,buoyant unit weight,浸水单位重 ,113.09.10,2025-11-13
21382290,Burgers model,伯格斯模式,113.09.10,2026-04-30
21382291,buried karst,潜伏岩溶,113.09.10,2026-04-30
21382292,butt,对接,113.09.10,2026-04-30
21382293,buttress,扶壁；扶墙,113.09.10,2026-04-30
21382294,buttressed retaining wall,扶壁式挡土墙,113.09.10,2026-04-30
21382295,cable percussion boring,钢绳冲击钻探,113.09.10,2025-11-13
21382296,cable tool drill,钢绳冲击钻头,113.09.10,2025-11-13
21382297,cadastral plan,地籍图,113.09.10,2025-11-13
21382298,cadastral survey,地籍测量,113.09.10,2025-11-13
21382299,caisson,沉箱墙,113.09.10,2025-11-13
21382300,caisson foundation,沉箱基础,113.04.19,2025-11-13
21382301,caisson wall,沉箱墙,113.09.10,2025-11-13
21382302,calcareous concretion,钙质结核,113.09.10,2025-11-13
21382303,calcareous soil,石灰质土,113.09.10,2025-11-13
21382304,calcareous tufa,石灰华；钙华,113.09.10,2025-11-13
21382305,calcite,方解石,113.09.10,2025-11-13
21382306,calendar day,日历天,113.09.10,2025-11-13
21382307,calibration,标定；校准；校正,113.09.10,2026-04-30
21382308,California bearing ratio (CBR),加州承载比,113.09.10,2025-11-13
21382309,calorimetric method,量热法,113.09.10,2025-11-13
21382310,Cambrian,寒武纪；寒武系,113.09.10,2025-11-13
21382311,Cambridge model,剑桥模式,113.09.10,2025-11-13
21382312,cantilever footing,悬臂式基脚,113.09.10,2025-11-13
21382313,cantilever footpath,悬臂式步道,113.09.10,2025-11-13
21382314,cantilever pile,悬臂桩,113.09.10,2025-11-13
21382315,cantilever retaining wall,悬臂式挡土墙,113.09.10,2025-11-13
21382316,cantilever sheet pile,悬臂式板桩,113.09.10,2025-11-13
21382317,cantilever sheet pile wall,悬臂式板桩墙,113.09.10,2025-11-13
21382318,cap model,帽盖模式,113.09.10,2025-11-13
21382319,capblock,帽块,113.09.10,2025-11-13
21382320,capillarimeter,毛细管仪,113.09.10,2025-11-13
21382321,capillarity,毛细现象；毛细作用,114.01.13,2025-11-13
21382322,capillary action,毛细管作用,113.09.10,2025-11-13
21382323,capillary fringe,毛细水边缘,113.09.10,2025-11-13
21382324,capillary fringe zone,毛细边缘区,113.04.25,2025-11-13
21382325,capillary head,毛细水头,113.09.10,2025-11-13
21382326,capillary height,毛细水高度,113.09.10,2025-11-13
21382327,capillary migration,毛细水迁移,113.09.10,2025-11-13
21382328,capillary pressure,毛细水压力,113.09.10,2025-11-13
21382329,capillary tension,毛细张力,113.09.10,2025-11-13
21382330,capillary water,毛细水；毛细管水,113.09.10,2025-11-13
21382331,carbonaceous mudstone,钙质泥岩,113.09.10,2025-11-13
21382332,Carboniferous,石炭纪；石炭系,113.09.10,2025-11-13
21382333,cardboard drain,纸板排水,113.09.10,2025-11-13
21382334,cardhouse fabric,片架组构,113.09.10,2025-11-13
21382335,Carlson stress meter,卡尔森应力计,113.09.10,2025-11-13
21382336,Casagrande's soil classification,卡萨格兰德土壤分类法,113.09.10,2026-04-30
21382337,case history,案例实录,113.09.10,2025-11-13
21382338,case study,案例研究,113.09.10,2025-11-13
21382339,cased borehole,套管钻孔,113.09.10,2025-11-13
21382340,cased pile,套管桩,113.09.10,2025-11-13
21382341,casing,套管,113.09.10,2025-11-13
21382342,cast iron,铸铁,113.09.10,2025-11-13
21382343,cast-in anchor bolt,预埋锚栓,113.09.10,2025-11-13
21382344,casting,浇铸；铸件,113.09.10,2025-11-13
21382345,casting basin,浇注场；浇灌场,113.09.10,2025-11-13
21382346,casting yard,浇灌场,113.09.10,2026-04-30
21382347,cast-in-place pile,场铸桩,113.04.19,2025-11-13
21382348,cast-in-situ,现场浇注,113.09.10,2025-11-13
21382349,cast-in-situ pile,场铸桩,113.09.10,2025-11-13
21382350,cataclasis,碎裂作用,113.10.22,2025-11-13
21382351,cataclasite,碎裂岩,113.10.22,2025-11-13
21382352,cataclastic,碎裂岩石,113.10.22,2025-11-13
21382353,catch drain,截水沟,113.10.22,2025-11-13
21382354,catchment,集水区,113.10.22,2025-11-13
21382355,catchment area,集水面积,113.10.22,2025-11-13
21382356,catchpit,集水坑,113.10.22,2025-11-13
21382357,catchwater,引水道；排水沟,113.10.22,2025-11-13
21382358,categories of cost,成本类别,113.10.22,2025-11-13
21382359,cathodic protection,阴极防蚀,113.10.22,2025-11-13
21382360,cation exchange,阳离子交换,113.10.22,2025-11-13
21382361,cation exchange capacity,阳离子交换能力；阳离子交换量,114.01.13,2025-11-13
21382362,causative fault,致震断层,113.10.22,2025-11-13
21382363,cavern,洞穴；岩洞,113.10.22,2025-11-13
21382364,cavernous marble,多孔大理石,113.10.22,2025-11-13
21382365,cavernous rock,多孔岩石,113.10.22,2025-11-13
21382366,caving,坍落；坍孔,114.01.13,2025-11-13
21382367,cavity,模槽；孔洞；洞穴；洞；穴,113.10.22,2025-11-13
21382368,cavity expansion theory,孔穴扩张理论,113.10.22,2025-11-13
21382369,cell pressure,围压；腔压,113.10.22,2026-04-30
21382370,cellular bulkhead,格型岸壁,113.10.22,2025-11-13
21382371,cellular cofferdam,格型围堰,113.10.22,2025-11-13
21382372,cellular retaining wall,格状挡土墙,113.10.22,2025-11-13
21382373,cellular steel sheet pile,格状钢板桩,113.10.22,2025-11-13
21382374,cellular texture,格状纹理,113.10.22,2025-11-13
21382375,cement,水泥；胶结材料,113.10.22,2025-11-13
21382376,cement grouting,水泥灌浆,113.04.19,2025-11-13
21382377,cement injection,水泥灌注,113.10.22,2025-11-13
21382378,cement mortar,水泥砂浆,113.10.22,2025-11-13
21382379,cementation,胶结作用,113.10.22,2025-11-13
21382380,cemented soil,胶结土,113.10.22,2025-11-13
21382381,cementing agent,胶结剂,113.10.22,2025-11-13
21382382,cementitious factor,胶结材因数；胶结材因子,113.04.25,2025-11-13
21382383,cement-stabilized soil,水泥固化土；水泥加固土,113.10.22,2025-11-13
21382384,centralizer,定心器；扶正器；中心定位器,113.04.25,2025-11-13
21382385,centrifugal model test,离心机模型试验；离心模型试验,113.10.22,2025-11-13
21382386,centrifuge moisture equivalent,离心机含水当量；离心含水当量,113.10.22,2025-11-13
21382387,centrifuge test,离心机试验；离心试验,113.10.22,2025-11-13
21382388,ceramic filter,陶瓷过滤器,113.10.22,2025-11-13
21382389,chain bucket dredger,链斗式挖泥船,113.10.22,2025-11-13
21382390,chain sounding,链式水深测量,113.10.22,2025-11-13
21382391,chainage,里程；链测长度,113.10.22,2025-11-13
21382392,chainman,丈量员,113.10.22,2025-11-13
21382393,chalk,白垩,113.10.22,2025-11-13
21382394,chalky clay,白垩黏土,113.10.22,2025-11-13
21382395,chamber,坑室,114.01.13,2025-11-13
21382396,chamber blasting,坑室爆破,113.04.25,2025-11-13
21382397,channel,渠道；沟渠,113.10.22,2025-11-13
21382398,channelization ratio,沟豁比,113.10.22,2025-11-13
21382399,channelized debris flow,渠道化土石流,113.10.22,2025-11-13
21382400,characteristic compressive strength,特征抗压强度,113.10.22,2025-11-13
21382401,characteristic load,特征荷载,113.10.22,2025-11-13
21382402,characteristic strength,特征强度,113.10.22,2025-11-13
21382403,chart datum,海图基准面,113.10.22,2025-11-13
21382404,chartered engineer,特许工程师,113.10.22,2025-11-13
21382405,charting,制图,113.10.22,2025-11-13
21382406,chaser,送桩器,113.10.22,2025-11-13
21382407,chemical churning pile,化学搅拌桩,113.10.22,2025-11-13
21382408,chemical grout,化学浆料,113.04.25,2025-11-13
21382409,chemical grouting,化学灌浆,113.04.19,2025-11-13
21382410,chemical injection process,化学灌注法；化学灌注程序,113.10.22,2025-11-13
21382411,chemical stabilization,化学固化；化学加固,113.10.22,2025-11-13
21382412,chemical weathering,化学风化,113.10.22,2025-11-13
21382413,chequer plate,检查板,113.10.22,2025-11-13
21382414,chimney drain,竖向截水体；竖向排水道,113.10.22,2026-04-30
21382415,chip,石片,113.04.25,2025-11-13
21382416,chisel,凿,113.04.25,2025-11-13
21382417,chloride content,氯化物含量,113.10.22,2025-11-13
21382418,chopping bit,冲击钻头,113.10.22,2025-11-13
21382419,C-horizon,C-层；母质层,113.10.22,2025-11-13
21382420,chunam,灰泥；朱南,113.10.22,2025-11-13
21382421,chunk sample,块状试样,113.10.22,2025-11-13
21382422,churn drill,搅拌钻,113.10.22,2025-11-13
21382423,churn drilling,搅拌钻掘,113.10.22,2025-11-13
21382424,cinder,煤渣；矿渣；炉渣,113.10.22,2025-11-13
21382425,circle of stress,应力圆,113.10.22,2025-11-13
21382426,circuit grouting,循环灌浆,113.04.25,2025-11-13
21382427,circular foundation,圆形基础,113.10.22,2025-11-13
21382428,circular road,环形道路,113.10.22,2025-11-13
21382429,circular slip surface,圆弧滑动面,113.10.22,2026-04-30
21382430,classification test,分类试验,113.10.22,2026-04-30
21382431,clastic flow,碎屑流,113.10.22,2025-11-13
21382432,clastic structure,碎屑结构,113.10.22,2025-11-13
21382433,clay,黏土,113.04.19,2025-11-13
21382434,clay binder,黏土胶结物,113.10.22,2025-11-13
21382435,clay blanket,黏土铺盖；黏土护层,113.10.22,2026-04-30
21382436,clay content,黏土含量,113.10.22,2025-11-13
21382437,clay fraction,黏土含量；黏土百分比,113.10.22,2026-07-13
21382438,clay grouting,黏土灌浆,113.10.22,2025-11-13
21382439,clay loam,黏土质壤土,113.10.22,2025-11-13
21382440,clay mineral,黏土矿物,113.10.22,2025-11-13
21382441,clay onion-skin bond,黏土质葱皮黏结,113.10.22,2025-11-13
21382442,clay partings,黏土分层,113.10.22,2025-11-13
21382443,clay platelet,黏土片状体；黏土片晶,113.10.22,2025-11-13
21382444,clay shale,黏土质页岩,113.10.22,2025-11-13
21382445,clay stratum,黏土层,113.10.22,2025-11-13
21382446,clay-cement grouting,黏土-水泥灌浆,113.10.22,2025-11-13
21382447,clayey sand,黏质砂土,113.10.22,2025-11-13
21382448,clayey silt,黏质粉土,113.04.19,2025-11-13
21382449,claystone,黏土岩,113.10.22,2025-11-13
21382450,cleavage,劈理；劈裂；解理,113.10.22,2025-11-13
21382451,cleavage plane,劈理面,113.04.25,2025-11-13
21382452,cleft water,裂缝水,113.04.25,2025-11-13
21382453,cliff,峭壁；悬崖,113.10.22,2025-11-13
21382454,clinometer,测倾仪；测角仪,113.10.22,2025-11-13
21382455,clogging,淤塞；堵塞,113.10.22,2025-11-13
21382456,closed conduit,封闭导管；暗管,113.10.22,2025-11-13
21382457,closure,闭合度；闭合段｛混凝土浇注｝；结案｛专案管理｝,113.04.25,2026-04-30
21382458,closure error,闭合差,113.10.22,2025-11-13
21382459,cloup,灰岩坑,113.10.22,2025-11-13
21382460,cluster structure,团粒结构；团状结构,113.10.22,2025-11-13
21382461,coagulant,凝聚剂,113.10.22,2025-11-13
21382462,coagulation,凝聚作用,113.10.22,2025-11-13
21382463,coagulator,促凝剂,113.10.22,2025-11-13
21382464,coal gangue,煤矿石,113.10.22,2025-11-13
21382465,coal tar epoxy,煤焦油环氧树脂,113.10.22,2025-11-13
21382466,coarse aggregate,粗粒料,113.10.22,2025-11-13
21382467,coarse ash tuff,粗灰凝灰岩,113.10.22,2025-11-13
21382468,coarse fraction content,粗粒含量,113.10.22,2025-11-13
21382469,coarse grained soil,粗粒土壤,113.10.22,2025-11-13
21382470,coarse particle,粗颗粒；粗粒,113.10.22,2025-11-13
21382471,coarse sand,粗砂,113.04.19,2025-11-13
21382472,coarse-grained soi,粗粒土,113.04.19,2025-11-13
21382473,coastal habitat,海岸栖息地,113.10.22,2025-11-13
21382474,coastline,海岸线,113.10.22,2025-11-13
21382475,coated pile,涂层桩,113.10.22,2025-11-13
21382476,coaxiality,共轴性,113.10.22,2025-11-13
21382477,cobble,中砾；卵石,113.04.19,2025-11-13
21382478,coefficient of absolute viscosity,绝对黏滞系数,113.04.25,2025-11-13
21382479,coefficient of active earth pressure,主动土压力系数,113.04.25,2025-11-13
21382480,coefficient of active earth pressure (Ka),主动土压力系数,113.10.22,2025-11-13
21382481,coefficient of adhesion,黏附系数,113.10.22,2025-11-13
21382482,coefficient of attenuation,衰减系数,113.10.22,2025-11-13
21382483,coefficient of collapsibility,湿陷系数,113.10.22,2025-11-13
21382484,coefficient of compressibility,压缩系数,113.04.19,2025-11-13
21382485,coefficient of consolidation,压密系数,113.04.19,2025-11-13
21382486,coefficient of consolidation  (Cv),压密系数,113.10.22,2025-11-13
21382487,coefficient of consolidation for radial flow,径向流压密系数,113.10.22,2025-11-13
21382488,coefficient of correlation,相关系数,113.10.22,2025-11-13
21382489,coefficient of curvature,曲率系数,113.10.22,2025-11-13
21382490,coefficient of deformation,变形系数,113.10.22,2025-11-13
21382491,coefficient of dynamic viscosity,动力黏滞系数,113.10.22,2025-11-13
21382492,coefficient of earth pressure at rest,静止土压力系数,113.04.25,2026-04-30
21382493,coefficient of earth pressure at rest (Ko),静止土压力系数,113.10.22,2025-11-13
21382494,coefficient of elastic non-uniform compression,弹性非均匀压缩系数,113.10.22,2025-11-13
21382495,coefficient of elastic uniform compression,弹性均匀压缩系数,113.10.22,2025-11-13
21382496,coefficient of external friction,外摩擦系数,113.04.25,2025-11-13
21382497,coefficient of friction,摩擦系数,113.04.25,2026-04-30
21382498,coefficient of horizontal consolidation,水平压密系数,113.10.22,2025-11-13
21382499,coefficient of internal friction,内摩擦系数,113.04.25,2025-11-13
21382500,coefficient of kinematic viscosity,运动黏滞系数,113.10.22,2025-11-13
21382501,coefficient of passive earth pressure,被动土压力系数,113.04.25,2026-04-30
21382502,coefficient of passive earth pressure (Kp),被动土压力系数,113.10.22,2025-11-13
21382503,coefficient of permeability,渗透系数,113.10.22,2025-11-13
21382504,coefficient of resilience,韧性系数,113.10.22,2025-11-13
21382505,coefficient of restitution,恢复系数,113.10.22,2025-11-13
21382506,coefficient of rigidity,刚度系数,113.10.22,2025-11-13
21382507,coefficient of secondary consolidation,二次压密系数,113.10.22,2025-11-13
21382508,coefficient of self-weight collapsibility,自重湿陷系数,113.10.22,2025-11-13
21382509,coefficient of shrinkage,收缩系数,113.10.22,2025-11-13
21382510,coefficient of softening,软化系数,113.10.22,2025-11-13
21382511,coefficient of sorting,分选系数,113.10.22,2025-11-13
21382512,coefficient of stiffness,劲度系数,113.10.22,2025-11-13
21382513,coefficient of subgrade reaction,地基反力系数；地盘反力系数；路基反应系数,113.04.25,2025-11-13
21382514,coefficient of subgrade reaction (ks)  ,路基反力系数,113.10.22,2026-04-30
21382515,coefficient of swelling,膨胀系数,113.10.22,2025-11-13
21382516,coefficient of thaw,融化系数,113.10.22,2025-11-13
21382517,coefficient of thaw compression,融化压缩系数,113.10.22,2025-11-13
21382518,coefficient of thaw-subsidence,融化沉陷系数,113.10.22,2025-11-13
21382519,coefficient of thermal conductivity,热传导系数；导热系数,113.10.22,2025-11-13
21382520,coefficient of thermometric conductivity,导温系数,113.11.26,2025-11-13
21382521,coefficient of transmissibility,输水系数；输送系数,113.04.25,2025-11-13
21382522,coefficient of uniformity,均匀系数,113.04.19,2025-11-13
21382523,coefficient of vertical consolidation,垂直压密系数,113.11.26,2025-11-13
21382524,coefficient of viscosity,黏滞系数,113.11.26,2025-11-13
21382525,coefficient of volume compressibility,体积压缩系数,113.11.26,2025-11-13
21382526,cofferdam,围堰,113.11.26,2025-11-13
21382527,cofferdam bracing,围堰支撑,113.11.26,2025-11-13
21382528,cohesiometer,黏度计,113.11.26,2025-11-13
21382529,cohesion,凝聚力；内聚力,113.04.19,2025-11-13
21382530,cohesionless soil,无凝聚性土；无凝聚性土壤,114.01.13,2025-11-13
21382531,cohesive soil,凝聚性土；凝聚性土壤,113.11.26,2025-11-13
21382532,collapse,崩塌；坍陷,113.11.26,2025-11-13
21382533,collapse post,陷落柱,113.11.26,2025-11-13
21382534,collapse settlement,塌陷量,113.11.26,2025-11-13
21382535,collapsibility,塌陷性；崩塌性,113.11.26,2025-11-13
21382536,collapsibility index,塌陷指数；崩塌指数,113.11.26,2025-11-13
21382537,collapsible loess,湿陷性黄土,113.11.26,2025-11-13
21382538,collapsible soil,湿陷性土；湿陷性土壤,114.01.13,2025-11-13
21382539,collar,孔口,113.04.25,2025-11-13
21382540,collar (of a drill hole),套环；护圈,113.11.26,2025-11-13
21382541,collection station,集录站,113.11.26,2025-11-13
21382542,colloid fraction,胶体分数；胶粒分数,113.11.26,2025-11-13
21382543,colloidal particle,胶粒,113.11.26,2025-11-13
21382544,colloidal particles,胶粒,113.04.25,2025-11-13
21382545,colluvial fan,崩积扇,113.11.26,2025-11-13
21382546,colluvial lobe,崩积舌,113.11.26,2025-11-13
21382547,colluvium,崩积层；崩积物,113.11.26,2025-11-13
21382548,column pile,柱桩,113.11.26,2025-11-13
21382549,columnar joint,柱状节理,113.11.26,2025-11-13
21382550,columnar structure,柱状结构,113.11.26,2025-11-13
21382551,combined footing,联合基脚,113.04.19,2025-11-13
21382552,combined foundation,联合基础,113.04.19,2025-11-13
21382553,combustible liquid,可燃液体,113.11.26,2025-11-13
21382554,communal drain,公用排水沟,113.11.26,2025-11-13
21382555,compacted depth,夯实深度,113.11.26,2025-11-13
21382556,compacted fill,夯实填土 ,113.11.26,2025-11-13
21382557,compacted lift,夯实分层,113.11.26,2025-11-13
21382558,compacted lift thickness,夯实分层厚度,113.11.26,2025-11-13
21382559,compacted refuse,压缩垃圾,113.11.26,2025-11-13
21382560,compacted soil,夯实土,113.11.26,2025-11-13
21382561,compactibility,可夯实性,113.11.26,2025-11-13
21382562,compacting factor,夯实系数,113.11.26,2025-11-13
21382563,compaction,夯实,114.01.13,2025-11-13
21382564,compaction curve,夯实曲线,113.04.25,2025-11-13
21382565,compaction device,夯实装置；夯实设备,113.11.26,2025-11-13
21382566,compaction mould,夯实模,113.11.26,2025-11-13
21382567,compaction pile,压实桩,113.11.26,2025-11-13
21382568,compaction test,夯实试验,114.01.13,2025-11-13
21382569,compactor,夯实机,113.11.26,2025-11-13
21382570,compass,罗盘,113.11.26,2025-11-13
21382571,compatibility equation,谐和方程式；相容方程式,113.11.26,2025-11-13
21382572,compensated foundation,补偿式基础,113.11.26,2025-11-13
21382573,completely decomposed rock,全风化岩石,113.11.26,2025-11-13
21382574,complex landslide,复合式山崩；复合式崩塌,113.11.26,2025-11-13
21382575,composite pile,组合桩,113.11.26,2025-11-13
21382576,composite sieving,复合筛分析,113.04.25,2025-11-13
21382577,composite sliding surface,复合滑动面,113.11.26,2025-11-13
21382578,composite slope,复合坡度,113.11.26,2025-11-13
21382579,compressed-air caisson,压气式沉箱,113.11.26,2025-11-13
21382580,compressed-air hammer,压缩气动锤,113.11.26,2025-11-13
21382581,compressed-air method,压气工法,113.11.26,2025-11-13
21382582,compressed-air tamper,压气捣固机,113.11.26,2025-11-13
21382583,compressibility,压缩性,113.11.26,2025-11-13
21382584,compressibility ratio,压缩比,113.11.26,2025-11-13
21382585,compressible soil,压缩性土；可压缩土,113.11.26,2025-11-13
21382586,compression,压缩,113.11.26,2025-11-13
21382587,compression curve,压缩曲线,113.11.26,2025-11-13
21382588,compression index,压缩指数,113.11.26,2025-11-13
21382589,compression test,压缩试验,113.04.19,2025-11-13
21382590,compression wave,压缩波；压力波,114.01.13,2025-11-13
21382591,compression zone,压缩区,113.11.26,2025-11-13
21382592,compressive deformation,压缩变形,113.11.26,2025-11-13
21382593,compressive strain,压应变,113.11.26,2025-11-13
21382594,compressive strength,抗压强度,114.01.13,2025-11-13
21382595,compressive stress,压应力,113.11.26,2025-11-13
21382596,computational simulation,计算模拟,113.11.26,2025-11-13
21382597,concentrated load,集中荷载,113.11.26,2025-11-13
21382598,concentration,浓度,113.11.26,2025-11-13
21382599,concentration factor,集中因数,114.01.13,2025-11-13
21382600,conceptual design,概念设计,113.11.26,2025-11-13
21382601,concrete,混凝土,113.11.26,2025-11-13
21382602,concrete batching plant,混凝土拌合厂,113.11.26,2025-11-13
21382603,concrete buttress,混凝土扶壁,113.11.26,2025-11-13
21382604,concrete corer,混凝土钻心机,113.11.26,2025-11-13
21382605,concrete cutter,混凝土切削机,113.11.26,2025-11-13
21382606,concrete gravity platform,混凝土重力式平台,113.11.26,2025-11-13
21382607,concrete groover,混凝土刮槽机,113.11.26,2025-11-13
21382608,concrete mix,混凝土配比,113.11.26,2025-11-13
21382609,concrete mix proportion,混凝土配比,113.11.26,2025-11-13
21382610,concrete mix ratio,混凝土配比,113.11.26,2025-11-13
21382611,concrete mixer,混凝土搅拌机,113.11.26,2025-11-13
21382612,concrete paving,混凝土铺面,113.11.26,2025-11-13
21382613,concrete paving train,混凝土铺面车,113.11.26,2025-11-13
21382614,concrete pile,混凝土桩,113.11.26,2025-11-13
21382615,concrete pump,混凝土泵,113.11.26,2025-11-13
21382616,concrete tubular pile,混凝土管桩,113.11.26,2025-11-13
21382617,condensation water,凝结水,113.11.26,2025-11-13
21382618,condensed water,冷凝水,113.11.26,2025-11-13
21382619,conductance,电导性,113.04.25,2025-11-13
21382620,conduit,水道；导管,113.12.03,2025-11-13
21382621,cone of depression,泄降锥,113.12.03,2026-04-30
21382622,cone of impression,灌注锥,113.04.25,2025-11-13
21382623,cone penetration test (CPT),圆锥贯入试验,113.12.03,2025-11-13
21382624,cone penetrometer,圆锥贯入试验,113.12.03,2025-11-13
21382625,cone resistance,圆锥贯入仪,113.12.03,2025-11-13
21382626,confined aquifer,锥尖阻抗,113.12.03,2025-11-13
21382627,confined compression test,受压含水层,113.12.03,2025-11-13
21382628,confined water,受压水；承压水,113.12.03,2025-11-13
21382629,confining pressure,围压,113.12.03,2025-11-13
21382630,conformable bedding,整合层面,113.12.03,2025-11-13
21382631,conglomerate,砾岩,113.12.03,2025-11-13
21382632,conjugate joint,共轭节理,113.04.25,2025-11-13
21382633,connate water,原生水,113.12.03,2025-11-13
21382634,consistency,稠度,113.12.03,2025-11-13
21382635,consistency index,稠度指数,113.12.03,2025-11-13
21382636,consistency limit,稠度界限,113.04.19,2026-04-30
21382637,consistency limits,稠度限度,113.12.03,2025-11-13
21382638,consistency test,稠度试验,113.12.03,2025-11-13
21382639,consolidated drained direct shear test,压密排水直剪试验；慢剪试验,113.12.03,2025-11-13
21382640,consolidated drained test,压密排水试验,113.12.03,2025-11-13
21382641,consolidated drained triaxial compression test (CD test),压密排水三轴压缩试验,113.12.03,2025-11-13
21382642,consolidated undrained test,压密不排水试验,113.12.03,2025-11-13
21382643,consolidated undrained triaxial compression test (CU test),压密不排水三轴压缩试验,113.12.03,2025-11-13
21382644,consolidated-drained test (CD test),压密排水试验,113.04.25,2025-11-13
21382645,consolidated-undrained test (CU test),压密不排水试验,113.04.25,2025-11-13
21382646,consolidation,压密,113.12.03,2025-11-13
21382647,consolidation apparatus,压密仪,113.12.03,2025-11-13
21382648,consolidation curve,压密曲线,113.12.03,2025-11-13
21382649,consolidation deformation,压密变形,113.12.03,2025-11-13
21382650,consolidation grouting,固结灌浆,113.04.25,2025-11-13
21382651,consolidation ratio,压密比,113.04.19,2025-11-13
21382652,consolidation settlement,压密沉陷,113.12.03,2025-11-13
21382653,consolidation test,压密试验,113.04.19,2025-11-13
21382654,consolidometer,压密仪,113.12.03,2025-11-13
21382655,constant head permeability test,定水头渗透试验,113.12.03,2025-11-13
21382656,constant head permeameter,定水头渗透仪,113.12.03,2025-11-13
21382657,constant head test,定水头试验,113.12.03,2025-11-13
21382658,constant pressure device,定压装置,113.12.03,2025-11-13
21382659,constant volume shear test,定体积剪力试验,113.12.03,2025-11-13
21382660,constitutive equation,组成方程式,113.12.03,2025-11-13
21382661,constitutive law,组成律,113.04.25,2025-11-13
21382662,constitutive relation,组成关系,113.04.19,2025-11-13
21382663,constrained modulus,侧限模数,114.01.13,2025-11-13
21382664,construction fabric,建筑用织物,113.12.03,2025-11-13
21382665,construction fiber,建筑用纤维,113.12.03,2025-11-13
21382666,construction joint,施工缝,113.12.03,2025-11-13
21382667,construction load,施工荷载,113.12.03,2025-11-13
21382668,construction sequence,施工顺序,113.12.03,2025-11-13
21382669,contact erosion,接触侵蚀,113.12.03,2025-11-13
21382670,contact pressure,接触压力,113.12.03,2025-11-13
21382671,contaminant,污染物；污染物质,113.04.25,2025-11-13
21382672,contaminated mud,受污泥,113.12.03,2025-11-13
21382673,contaminated mud pit,污泥坑,113.12.03,2025-11-13
21382674,continental shelf,大陆棚,113.12.03,2025-11-13
21382675,continuous footing,连续基脚,113.12.03,2025-11-13
21382676,continuous medium,连续介质,113.12.03,2025-11-13
21382677,continuous mixer,连续拌和机；连续拌和设备｛相对于分次拌和设备｝,113.04.25,2026-04-30
21382678,continuous sampling,连续取样,113.12.03,2025-11-13
21382679,contour,等高线,113.12.03,2025-11-13
21382680,contour interval,等高线间隔；等高距,113.12.03,2025-11-13
21382681,contractile skin,收缩膜,113.12.03,2025-11-13
21382682,contractive soil,收缩性土,113.12.03,2025-11-13
21382683,control point,控制点,113.12.03,2025-11-13
21382684,control survey,控制测量,113.12.03,2025-11-13
21382685,control well,控制井,113.04.25,2025-11-13
21382686,controlled blasting,控制开炸；控制爆破,114.01.13,2025-11-13
21382687,convergence,收敛；收敛角,113.04.25,2025-11-13
21382688,conversion factor,换算因数,113.12.03,2025-11-13
21382689,conveyor belt,输送带,113.12.03,2025-11-13
21382690,conveyor screw,输送螺旋,113.12.03,2025-11-13
21382691,coordinates,坐标,113.12.03,2025-11-13
21382692,core,岩心；心层｛坝｝,114.01.13,2026-04-30
21382693,core barrel,岩心管；岩芯管,113.12.03,2025-11-13
21382694,core drill,取心钻探；取芯钻探,113.12.03,2025-11-13
21382695,core drill rig,岩心钻机；岩芯钻机,113.12.03,2025-11-13
21382696,core drilling,岩心钻采,114.01.13,2025-11-13
21382697,core hole,岩心钻孔；岩芯钻孔,113.12.03,2025-11-13
21382698,core recovery,岩心钻取率,114.01.13,2025-11-13
21382699,core sample,岩心样本；岩芯样本,113.12.03,2025-11-13
21382700,core sampler,岩心取样器；岩芯取样器,113.12.03,2025-11-13
21382701,core wall,心墙；芯墙,113.12.03,2025-11-13
21382702,corner point method,角点法,113.12.03,2025-11-13
21382703,correlation analysis,相关性分析,113.12.03,2025-11-13
21382704,corrigendum,勘误表,113.12.03,2025-11-13
21382705,corrosion,腐蚀；侵蚀；锈蚀；锈蚀,113.12.03,2025-11-13
21382706,corrosion protection,锈蚀保护；腐蚀保护,113.12.03,2025-11-13
21382707,corrosive water,腐蚀性水,113.12.03,2025-11-13
21382708,Coulomb's earth pressure theory,库仑土压力理论,113.04.19,2026-04-30
21382709,Coulomb's law,库仑定律,113.12.03,2025-11-13
21382710,counter drain,反向排水,113.12.03,2025-11-13
21382711,counter ion,反离子,113.12.03,2025-11-13
21382712,counterfort retaining wall,扶壁式挡土墙,113.12.03,2025-11-13
21382713,counterweight fill,压重填土,113.12.03,2025-11-13
21382714,coupled vibration,耦合振动,114.01.13,2025-11-13
21382715,cover layer,覆盖层,114.01.13,2025-11-13
21382716,crack deformation,裂缝变形,114.01.13,2025-11-13
21382717,craftsman,技工,114.01.13,2025-11-13
21382718,crater,火山口；炸坑；塌陷坑；銲疤,113.04.25,2025-11-13
21382719,creep,潜变；蠕动,114.01.13,2025-11-13
21382720,creep limit,潜变极限,114.01.13,2025-11-13
21382721,creep rate,潜变速率；潜变率,114.01.13,2025-11-13
21382722,creep settlement,潜变沉陷,114.01.13,2025-11-13
21382723,creep strain,潜应变,114.01.13,2025-11-13
21382724,creep strength,潜变强度,114.01.13,2025-11-13
21382725,Cretaceous,白垩纪；白垩系,114.01.13,2025-11-13
21382726,crib cofferdam,框格式围堰,114.01.13,2025-11-13
21382727,crib retaining wall,框格式挡土墙,114.01.13,2025-11-13
21382728,critical acceleration,临界加速度,114.01.13,2025-11-13
21382729,critical angle,临界角,113.04.25,2025-11-13
21382730,critical angle of refraction,临界折射角,114.01.13,2025-11-13
21382731,critical depth,临界深度,114.01.13,2025-11-13
21382732,critical duration,临界延时,114.01.13,2025-11-13
21382733,critical factor,临界因数；关键因子,114.01.13,2025-11-13
21382734,critical failure surface,临界破坏面,114.01.13,2025-11-13
21382735,critical flow velocity,临界流速,114.01.13,2025-11-13
21382736,critical frequency,临界频率,114.01.13,2025-11-13
21382737,critical height,临界高度,113.04.25,2025-11-13
21382738,critical height of slope,临界边坡高度,114.01.13,2025-11-13
21382739,critical hydraulic gradient,临界水力梯度,114.01.13,2025-11-13
21382740,critical load,临界荷载,114.01.13,2025-11-13
21382741,critical slide curve,临界滑动弧,114.01.13,2025-11-13
21382742,critical slope,临界坡度,114.01.13,2025-11-13
21382743,critical stable state,临界稳态,114.01.13,2025-11-13
21382744,critical state,临界状态,114.01.13,2025-11-13
21382745,critical state energy theory,临界物态能量理论,114.01.13,2025-11-13
21382746,critical state line,临界状态线,114.01.13,2025-11-13
21382747,critical state locus,临界状态轨迹,114.01.13,2025-11-13
21382748,critical state model,临界状态模式,114.01.13,2025-11-13
21382749,critical state soil mechanics,临界状态土壤力学,114.01.13,2025-11-13
21382750,critical state strength,临界状态强度,114.01.13,2025-11-13
21382751,critical surface,临界面,114.01.13,2025-11-13
21382752,critical void ratio,临界孔隙比,114.01.13,2025-11-13
21382753,crop,露头,114.01.13,2025-11-13
21382754,cross bedding,交错层理；交错层,114.01.13,2025-11-13
21382755,cross section,断面；截面；剖面,114.01.13,2025-11-13
21382756,crosshole method,跨孔法,114.01.13,2025-11-13
21382757,cross-sectional area,断面积；截面积,114.01.13,2025-11-13
21382758,cross-sectional shape,断面形状；截面形状,114.01.13,2025-11-13
21382759,cross-stratification,交错层理；交互成层,114.01.13,2025-11-13
21382760,crushing failure,压碎破坏,114.01.13,2025-11-13
21382761,crushing strength,抗碎强度；压碎强度,114.01.13,2025-11-13
21382762,crust,地壳；外壳,114.01.13,2025-11-13
21382763,cryogenics,低温现象；低温学；冷冻工程学,114.01.13,2025-11-13
21382764,cryology,冰川学,114.01.13,2025-11-13
21382765,cryopedology,冻土学,114.01.13,2025-11-13
21382766,crystal lattice,晶格,114.01.13,2025-11-13
21382767,crystal structure,晶体结构,114.01.13,2025-11-13
21382768,crystal water,结晶水,114.01.13,2025-11-13
21382769,Culmann graphical method,库尔曼图解法,114.01.13,2025-11-13
21382770,culvert,涵管,114.01.13,2025-11-13
21382771,cumulative rainfall,累积雨量,114.01.13,2025-11-13
21382772,cumulative retained mass,累积留筛量,113.04.25,2025-11-13
21382773,cumulative retained percent,累积留筛百分比,113.04.25,2026-04-30
21382774,cumulose soil,植积土；腐植土,114.01.13,2025-11-13
21382775,cure time,养护时间；固化时间；硬化时间,113.04.25,2025-11-13
21382776,current meter,流速计,114.01.13,2025-11-13
21382777,curtain grout,隔幕灌浆,114.01.13,2025-11-13
21382778,curtain wall,隔幕墙,114.01.13,2025-11-13
21382779,curve fitting,曲线拟合,114.01.13,2025-11-13
21382780,cut,挖方,114.01.13,2025-11-13
21382781,cut slope,开挖坡,114.01.13,2025-11-13
21382782,cut-and-fill,挖填,114.01.13,2025-11-13
21382783,cut-off drain,截水排水设施,114.01.13,2025-11-13
21382784,cut-off level,截水高程；截断高程,114.01.13,2025-11-13
21382785,cut-off trench,截水沟,114.01.13,2025-11-13
21382786,cut-off wall,截水墙,114.01.13,2025-11-13
21382787,cutter suction dredger,铰刀吸入式挖泥船,114.01.13,2025-11-13
21382788,cutting jet,切割射流,114.01.13,2025-11-13
21382789,cutting ring,切削环,114.01.13,2025-11-13
21382790,cyclic change,反复变化,114.01.13,2025-11-13
21382791,cyclic degradation,循环衰减,114.01.13,2025-11-13
21382792,cyclic load test,反复加载试验；循环加载试验,114.01.13,2025-11-13
21382793,cyclic loading,反复荷载；循环荷载,114.01.13,2025-11-13
21382794,cyclic simple shear test,反复单剪试验,114.01.13,2025-11-13
21382795,cyclic stress,反复应力；循环应力,114.01.13,2025-11-13
21382796,cyclic triaxial test,反复荷载三轴试验；动三轴试验,114.01.13,2025-11-13
21382797,cyclone pump,旋流泵,114.01.13,2025-11-13
21382798,cylinder pile foundation,圆柱桩基础,113.04.19,2025-11-13
21382799,cylindrical rubber fender,圆柱形橡胶护舷,114.01.13,2025-11-13
21382800,daily site record,工地日志,114.02.04,2025-11-13
21382801,dam,坝,113.04.19,2025-11-13
21382802,damage index,损伤指数,114.02.04,2025-11-13
21382803,damp,微潮；潮湿,114.02.04,2025-11-13
21382804,damp proof course,防潮处理；防潮流程,114.02.04,2025-11-13
21382805,damping,阻尼,113.04.25,2025-11-13
21382806,damping ratio,阻尼比,113.04.25,2025-11-13
21382807,dangerous goods licence,危险品许可证,114.02.04,2025-11-13
21382808,dashpot,阻尼器；减震器,114.02.04,2025-11-13
21382809,data acquisition,数据收集；资料收集；资料撷取,114.02.04,2025-11-13
21382810,data processing system,数据处理系统；资料处理系统,114.02.04,2025-11-13
21382811,deaired water,除气水,114.02.04,2025-11-13
21382812,debris,岩屑；泥石,114.02.04,2025-11-13
21382813,debris avalanche,岩屑崩落；泥石崩滑,114.02.04,2025-11-13
21382814,debris flow deposit,土石流堆积物；泥石流堆积物,114.02.04,2025-11-13
21382815,debris flow fan,土石流堆积扇；泥石流堆积扇,114.02.04,2025-11-13
21382816,debris run-out,土石流流动距离,114.02.04,2025-11-13
21382817,debris slide,土石滑动；泥石滑移,114.02.04,2025-11-13
21382818,decay time,衰减时间,113.04.25,2025-11-13
21382819,decompaction,崩解,114.02.04,2025-11-13
21382820,decomposed granite,崩解花岗岩,114.02.04,2025-11-13
21382821,decomposed volcanics,崩解火山岩,114.02.04,2025-11-13
21382822,decomposition,分解；分解作用,114.02.04,2025-11-13
21382823,decompression curve,解压曲线；减压曲线,114.02.04,2025-11-13
21382824,decontamination,去污；除污,113.04.25,2025-11-13
21382825,deep foundation,深基础,113.04.19,2025-11-13
21382826,deep seated landslide,深层滑坡；深层地滑,114.02.04,2025-11-13
21382827,deep-mixed pile,深层搅拌桩,113.04.19,2025-11-13
21382828,deflected pile,偏位桩；偏斜桩,114.02.04,2025-11-13
21382829,deflocculant,分散剂；解凝剂,113.04.25,2025-11-13
21382830,deflocculating agent,分散剂；去絮凝剂,114.02.04,2025-11-13
21382831,deflocculation,去絮凝作用,114.02.04,2025-11-13
21382832,deformability,变形性,113.04.25,2025-11-13
21382833,deformeter,变形仪；变形测定器,114.02.04,2025-11-13
21382834,degradation,降解；衰化,114.02.04,2025-11-13
21382835,degradation index,降解指数；衰化指数,114.02.04,2025-11-13
21382836,degree of consolidation,压密度,114.02.04,2025-11-13
21382837,degree of freedom,自由度,113.04.25,2025-11-13
21382838,degree of saturation,饱和度,114.02.04,2025-11-13
21382839,degree of shrinkage,收缩度,114.02.04,2025-11-13
21382840,dehydration test,脱水试验,114.02.04,2025-11-13
21382841,deltaic deposit,三角洲沉积物,114.02.04,2025-11-13
21382842,Demec gauge,缝隙测量计,114.02.04,2025-11-13
21382843,dense sand,紧密砂,114.02.04,2025-11-13
21382844,densification,加密；加密作用,114.02.04,2025-11-13
21382845,density bottle,比重瓶,114.02.04,2025-11-13
21382846,density index,密度指数,114.02.04,2025-11-13
21382847,density meter,密度计,114.02.04,2025-11-13
21382848,density of collapse,塌陷密度,114.02.04,2025-11-13
21382849,density of dry soil,干土密度,114.02.04,2025-11-13
21382850,density of saturated soil,饱和土密度,114.02.04,2025-11-13
21382851,density of soil,土壤密度,114.02.04,2025-11-13
21382852,density of solid particles,土粒密度,114.02.04,2025-11-13
21382853,density of submerged soil,浸没土密度,114.02.04,2025-11-13
21382854,density of water,水密度,114.02.04,2025-11-13
21382855,density probe,密度探测仪,114.02.04,2025-11-13
21382856,densometer,密度计；比重计,114.02.04,2025-11-13
21382857,denudation,剥蚀作用,114.02.04,2025-11-13
21382858,deposit,沉积；沉积物,114.02.04,2025-11-13
21382859,deposition point,最远沉积点,114.02.04,2025-11-13
21382860,depression cone,水位泄降锥,114.02.04,2025-11-13
21382861,depth factor,埋深因数,114.02.04,2025-11-13
21382862,depth of flow,水流深度,113.04.25,2025-11-13
21382863,depth of foundation,基础埋置深度,114.02.04,2025-11-13
21382864,depth of penetration,贯入深度,114.02.04,2025-11-13
21382865,depth of scour,冲刷深度,114.02.04,2025-11-13
21382866,depth ratio,埋深比,114.02.04,2025-11-13
21382867,derrick barge,浮式起重机,114.02.04,2025-11-13
21382868,design discharge,设计流量,113.04.25,2025-11-13
21382869,designated separating sieve,指定分离筛,113.04.25,2025-11-13
21382870,desilting material,清淤料；疏浚料,114.02.04,2025-11-13
21382871,deswamping,去沼泽化,114.02.04,2025-11-13
21382872,detailed exploration,细部探勘；详细探勘,114.02.04,2025-11-13
21382873,detailed geotechnical investigation,细部大地工程调查,114.02.04,2025-11-13
21382874,detailed survey,细部测量；详细测量,114.02.04,2025-11-13
21382875,detection limit,侦测限度,113.04.25,2025-11-13
21382876,detection monitoring,侦测监控,113.04.25,2025-11-13
21382877,detonating relay,起爆器,114.02.04,2025-11-13
21382878,detonator,雷管,114.02.04,2025-11-13
21382879,detrital sediment,碎屑沉积,114.02.04,2025-11-13
21382880,detritus,岩屑；碎屑,114.02.04,2025-11-13
21382881,deviator stress,轴差应力,114.02.04,2025-11-13
21382882,deviatoric state of stress,轴差应力状态,114.02.04,2025-11-13
21382883,deviatoric strain,轴差应变,113.04.25,2025-11-13
21382884,deviatoric stress,轴差应力,114.02.04,2025-11-13
21382885,Devonian,泥盆纪；泥盆系,114.02.04,2025-11-13
21382886,dewatering,袪水；降水位；脱水,114.02.04,2025-11-13
21382887,D-horizon,D层；下伏岩土层,114.02.04,2025-11-13
21382888,diagenesis,成岩作用,114.02.04,2025-11-13
21382889,dial gauge,测微计,114.03.05,2025-11-13
21382890,diaphragm,连续壁；隔板,114.03.05,2025-11-13
21382891,diaphragm wall,连续壁,114.03.05,2025-11-13
21382892,dielectric dispersion,介电分散,114.03.05,2025-11-13
21382893,differential frost heave,不均匀冻胀,114.03.05,2025-11-13
21382894,differential global positioning system (DGPS),差分全球定位系统,114.03.05,2025-11-13
21382895,differential heave,差异隆起；不均匀隆起,114.03.05,2025-11-13
21382896,differential settlement,差异沉陷；不均匀沉陷,114.03.05,2025-11-13
21382897,differential thermal analysis,差热分析,114.03.05,2025-11-13
21382898,differential-acting steam hammer,差动汽锤,114.03.05,2025-11-13
21382899,difficult ground,困难地盘,114.03.05,2025-11-13
21382900,diffuse double layer,扩散电双层,114.03.05,2025-11-13
21382901,diffuse flow,扩散流,114.03.05,2025-11-13
21382902,diffusion potential,扩散势能,114.03.05,2025-11-13
21382903,digital echo sounder,数位回声测深仪,114.03.05,2025-11-13
21382904,digital map,数位地图,114.03.05,2025-11-13
21382905,digital tape,数位磁带,114.03.05,2025-11-13
21382906,digitizer,数化仪,114.03.05,2025-11-13
21382907,dilatancy,膨胀性；剪胀性,114.03.05,2025-11-13
21382908,dilatation,膨胀；扩张,114.03.05,2025-11-13
21382909,dilatational wave,膨胀波,114.03.05,2025-11-13
21382910,dilation,膨胀；扩张,114.03.05,2025-11-13
21382911,dilation rate,膨胀率,114.03.05,2025-11-13
21382912,dilatometer,膨胀仪；膨胀计,114.03.05,2025-11-13
21382913,diluvium,洪积层,114.03.05,2025-11-13
21382914,dimensional analysis,因次分析,114.03.05,2025-11-13
21382915,diorite,闪长岩,114.03.05,2025-11-13
21382916,dip,倾斜；倾向,114.03.05,2025-11-13
21382917,dipmeter,测倾仪,114.03.05,2025-11-13
21382918,dipole,偶极,114.03.05,2025-11-13
21382919,direct shear apparatus,直接剪力仪；直剪仪,114.03.05,2025-11-13
21382920,direct shear test,直剪试验,114.03.05,2025-11-13
21382921,direct simple shear test,直接单剪试验,114.03.05,2025-11-13
21382922,disaggregation,崩解,114.03.05,2025-11-13
21382923,discharge velocity,放流速度,113.04.25,2025-11-13
21382924,disconformeable plane,假整合,114.03.05,2025-11-13
21382925,disconformity,不整合,114.03.05,2025-11-13
21382926,discontinuity,不连续面,114.03.19,2025-11-13
21382927,discretization,离散化,114.03.19,2025-11-13
21382928,disintegration,崩解；分解,114.03.19,2025-11-13
21382929,dislocation,错位；差排,114.03.19,2025-11-13
21382930,dispersion,分散作用,114.03.19,2025-11-13
21382931,dispersive soil,分散性土壤,114.03.19,2025-11-13
21382932,displacement,位移,114.03.19,2025-11-13
21382933,displacement gradient field,位移梯度场,114.03.19,2025-11-13
21382934,displacement gradient tensor,位移梯度张量,114.03.19,2025-11-13
21382935,displacement grouting,挤入灌浆,113.04.25,2025-11-13
21382936,displacement increment,位移增量,114.03.19,2025-11-13
21382937,displacement pile,位移桩,114.03.19,2025-11-13
21382938,disposal dump,垃圾处理场,114.03.19,2025-11-13
21382939,dissipation,消散,114.03.19,2025-11-13
21382940,dissipation test,消散试验,114.03.19,2025-11-13
21382941,dissolved oxygen,溶氧,114.03.19,2025-11-13
21382942,dissolved salts,溶解盐类,114.03.19,2025-11-13
21382943,distortion,扭曲变形；扭曲；扭变,113.04.25,2025-11-13
21382944,distortional wave,扭曲波,114.03.19,2025-11-13
21382945,disturbed sample,扰动土样；扰动样本,114.03.19,2025-11-13
21382946,disturbed soil,扰动土壤,114.03.19,2025-11-13
21382947,disturbed soil sample,扰动土样,113.04.19,2025-11-13
21382948,divergence loss,发散损耗；扩散损耗,113.04.25,2025-11-13
21382949,dock,船坞；码头,114.03.19,2025-11-13
21382950,dolerite,辉绿岩；粗粒玄武岩,114.03.19,2025-11-13
21382951,dolerite dyke,辉绿岩岩脉；粗粒玄武岩岩脉,114.03.19,2025-11-13
21382952,doline,陷穴；陷坑；渗穴,114.03.19,2025-11-13
21382953,dolomite,白云石；白云岩,114.03.19,2025-11-13
21382954,dome foundation,穹顶结构基础,114.03.19,2025-11-13
21382955,Doppler effect,都卜勒效应,114.03.19,2025-11-13
21382956,double amplitude,双振幅,114.03.19,2025-11-13
21382957,double layer,双层；电双层,114.03.19,2025-11-13
21382958,double shear test,双面剪切试验；双剪试验,114.03.19,2025-11-13
21382959,double track tunnel,双轨隧道,114.03.19,2025-11-13
21382960,dowel bar,缀缝筋；榫筋；传力杆,114.03.19,2025-11-13
21382961,downhole method,下孔法,114.03.19,2025-11-13
21382962,downhole seismic test,下孔式震测法,114.03.19,2025-11-13
21382963,draft plan,草案计划,114.03.19,2025-11-13
21382964,drag bit,曳引钻头,113.04.25,2025-11-13
21382965,drag force,拖曳力；阻力,114.03.19,2025-11-13
21382966,draghead,拖曳吸头,114.03.19,2025-11-13
21382967,drainage blanket,排水垫层,114.03.19,2025-11-13
21382968,drainage channel,排水渠；排水道,114.03.19,2025-11-13
21382969,drainage curtain,排水幕,113.04.25,2025-11-13
21382970,drainage gallery,排水廊道,114.03.19,2025-11-13
21382971,drainage material,排水材料,114.03.19,2025-11-13
21382972,drainage path,排水路径,114.03.19,2025-11-13
21382973,drainage reserve,排水保留区,114.03.19,2025-11-13
21382974,drainage well,排水井,114.03.19,2025-11-13
21382975,drained shear test,排水剪切试验,114.03.19,2025-11-13
21382976,drained triaxial test,排水三轴试验,114.03.19,2025-11-13
21382977,drawdown,泄降,114.03.19,2025-11-13
21382978,drawdown ratio,降水比,114.03.19,2025-11-13
21382979,dredge level,疏浚标高,114.04.23,2025-11-13
21382980,dredge loss,疏浚损失,114.04.23,2025-11-13
21382981,dredgeability,疏浚能力,114.04.23,2025-11-13
21382982,dredged material,浚渫料,114.04.23,2025-11-13
21382983,dredging,浚渫；疏浚；挖泥；挖掘,114.04.23,2025-11-13
21382984,dressed block,修整石块,114.04.23,2025-11-13
21382985,drill,钻；钻机,113.04.25,2025-11-13
21382986,drill bit,钻头,114.04.23,2025-11-13
21382987,drill cuttings,钻屑,113.04.25,2025-11-13
21382988,drill rig,钻探机具,114.04.23,2025-11-13
21382989,drill rod,钻杆,114.04.23,2025-11-13
21382990,drillability,可钻性,113.04.25,2025-11-13
21382991,drilled caisson,钻掘沉箱,114.04.23,2025-11-13
21382992,drilled shaft,钻掘桩；钻掘墩柱,114.04.23,2025-11-13
21382993,driller,钻机,114.04.23,2025-11-13
21382994,drilling,钻,114.04.23,2025-11-13
21382995,drilling fluid,钻孔液,114.04.23,2025-11-13
21382996,drilling hole,钻孔,114.04.23,2025-11-13
21382997,drilling log,钻孔柱状图；钻孔井录,114.04.23,2025-11-13
21382998,drilling machine,钻孔机,114.04.23,2025-11-13
21382999,drilling mud,钻孔泥浆,114.04.23,2025-11-13
21383000,drilling record,钻孔记录,114.04.23,2025-11-13
21383001,drilling rig,钻机,114.04.23,2025-11-13
21383002,drive sampler,打入式取样器,114.04.23,2025-11-13
21383003,driven pile,打击桩；打入桩,113.04.19,2025-11-13
21383004,driving formula,打桩公式,114.04.23,2025-11-13
21383005,driving test,打桩试验,114.04.23,2025-11-13
21383006,drop hammer,落锤；重力落锤,114.04.23,2025-11-13
21383007,Drucker-Prager criterion,杜拉克-普拉格准则,114.04.23,2025-11-13
21383008,dry bulk density,干统体密度,113.04.25,2025-11-13
21383009,dry compaction,干夯实,114.04.23,2025-11-13
21383010,dry density,干密度,114.04.23,2025-11-13
21383011,dry film thickness,干膜厚度,114.04.23,2025-11-13
21383012,dry oven,烘箱,114.04.23,2025-11-13
21383013,dry rodding,干捣；干捣实,114.04.23,2025-11-13
21383014,dry sieving,干筛,114.04.23,2025-11-13
21383015,dry unit weight,干单位重,114.04.23,2025-11-13
21383016,ductile iron,延性铸铁,114.04.23,2025-11-13
21383017,ductility,延展性；延性,114.04.23,2025-11-13
21383018,dumping site,卸土区,114.04.23,2025-11-13
21383019,dumping truck,卸土车,114.04.23,2025-11-13
21383020,dune,砂丘,114.04.23,2025-11-13
21383021,Dupuit equation,杜布依特方程式,114.04.23,2025-11-13
21383022,durability,耐久性,113.04.19,2025-11-13
21383023,dustpan dredger,簸箕式疏浚机,114.04.23,2025-11-13
21383024,Dutch cone penetrometer,荷兰锥贯入仪,114.04.23,2025-11-13
21383025,Dutch cone test,荷兰锥贯入试验,114.04.23,2025-11-13
21383026,dye tracer,染料示踪剂,113.04.25,2025-11-13
21383027,dynamic analysis,动态分析；动力分析,114.04.23,2025-11-13
21383028,dynamic compaction,动力夯实,114.04.23,2025-11-13
21383029,dynamic cone penetrometer,动态圆锥贯入仪,114.04.23,2025-11-13
21383030,dynamic consolidation,动力压密,114.04.23,2025-11-13
21383031,dynamic elastic modulus,动态弹性模数,114.04.23,2025-11-13
21383032,dynamic load,动态荷载,114.04.23,2025-11-13
21383033,dynamic magnification factor,动态放大因数,114.04.23,2025-11-13
21383034,dynamic resistance,动态阻力,114.04.23,2025-11-13
21383035,dynamic strain,动态应变,114.04.23,2025-11-13
21383036,dynamic stress,动态应力,114.04.23,2025-11-13
21383037,dynamic subgrade reaction,动态地基反力；动态地盘反力,114.04.23,2025-11-13
21383038,dynamic triaxial test,动力三轴试验,114.04.23,2025-11-13
21383039,dynamic viscosity,动态黏度,114.04.23,2025-11-13
21383040,dynamite,代纳迈炸药；硝化甘油炸药,114.04.23,2025-11-13
21383041,earth anchor,地锚,114.04.23,2025-11-13
21383042,earth auger,螺旋钻,114.04.23,2025-11-13
21383043,earth borer,钻土器,114.04.23,2025-11-13
21383044,earth cofferdam,土堤围堰,114.04.23,2025-11-13
21383045,earth crust,地壳,114.04.23,2025-11-13
21383046,earth dam,土坝,114.05.21,2025-11-13
21383047,earth embankment,土堤；土堰,114.04.23,2025-11-13
21383048,earth excavation,土方开挖；挖土,114.04.23,2025-11-13
21383049,earth fill cofferdam,填土围堰,114.04.23,2025-11-13
21383050,earth load,土壤荷载,114.04.23,2025-11-13
21383051,earth pile,土桩,114.04.23,2025-11-13
21383052,earth pressure,土压力；土压,114.04.23,2025-11-13
21383053,earth pressure at rest,静止土压力,113.04.19,2025-11-13
21383054,earth pressure coefficient,土压力系数,114.04.23,2025-11-13
21383055,earth pressure theory,土压力理论,113.10.22,2025-11-13
21383056,earth science,地球科学,114.04.23,2025-11-13
21383057,earth slump,土石坍滑,114.04.23,2025-11-13
21383058,earthenware pipe,陶管,114.04.23,2025-11-13
21383059,earthfill slope,填方边坡；填土边坡,114.04.23,2025-11-13
21383060,earthquake fault,地震断层,114.05.21,2025-11-13
21383061,earthquake focus,震源,114.05.21,2025-11-13
21383062,earthquake force,地震力,114.05.21,2025-11-13
21383063,earthquake hazard assessment,地震灾害评估,114.05.21,2025-11-13
21383064,earthquake intensity,地震震度,114.05.21,2025-11-13
21383065,earthquake magnitude,地震规模,114.05.21,2025-11-13
21383066,earthquake prediction,地震预测,114.05.21,2025-11-13
21383067,earthquake resistant design,耐震设计,114.05.21,2025-11-13
21383068,earthquake response spectrum,地震反应谱,114.05.21,2025-11-13
21383069,earthquake subsidence,震陷,114.05.21,2025-11-13
21383070,earthquake wave,地震波,114.05.21,2025-11-13
21383071,earthquake-proof foundation,抗震基础,114.05.21,2025-11-13
21383072,earthquake-proof joint,耐震接头,114.05.21,2025-11-13
21383073,eccentricity,偏心率；偏心距,114.05.21,2025-11-13
21383074,eccentricity coefficient,偏心系数,114.05.21,2025-11-13
21383075,echo sounding,回声测深,114.05.21,2025-11-13
21383076,edge-to-face flocculation,边对面絮凝,114.05.21,2025-11-13
21383077,effect of surcharge,超载效应,114.05.21,2025-11-13
21383078,effective angle of internal friction,有效内摩擦角,114.05.21,2025-11-13
21383079,effective cohesion,有效凝聚力,114.05.21,2025-11-13
21383080,effective drainage porosity,有效排水孔隙率,113.04.25,2025-11-13
21383081,effective force,有效力,113.04.25,2025-11-13
21383082,effective grain size,有效粒径,114.05.21,2025-11-13
21383083,effective normal stress,有效正应力；有效正向应力,114.05.21,2026-04-30
21383084,effective overburden pressure,有效覆盖压力,114.05.21,2025-11-13
21383085,effective stress,有效应力,114.05.21,2025-11-13
21383086,effective stress parameter,有效应力参数,114.05.21,2025-11-13
21383087,effective stress path,有效应力路径,114.05.21,2025-11-13
21383088,effective unit weight,有效单位重,114.05.21,2025-11-13
21383089,efficiency formula,效率公式,114.05.21,2025-11-13
21383090,efflux time,射流时间,113.04.25,2025-11-13
21383091,elastic beam,弹性梁,114.05.21,2025-11-13
21383092,elastic compression,弹性压缩,114.05.21,2025-11-13
21383093,elastic constant,弹性常数,114.05.21,2025-11-13
21383094,elastic distortion,弹性扭曲变形；弹性畸变,114.05.21,2026-04-30
21383095,elastic equilibrium,弹性平衡,114.05.21,2025-11-13
21383096,elastic half-space theory,弹性半空间理论,114.05.21,2025-11-13
21383097,elastic heave,弹性隆起,114.05.21,2025-11-13
21383098,elastic line,弹性线,114.05.21,2025-11-13
21383099,elastic medium,弹性介质,114.05.21,2025-11-13
21383100,elastic semi-infinite body,弹性半无限体,114.05.21,2025-11-13
21383101,elastic state of equilibrium,弹性平衡状态,114.05.21,2025-11-13
21383102,elastic subgrade reaction,弹性路基反力,114.05.21,2025-11-13
21383103,elastic visco-plastic model,弹黏塑性模式,114.05.21,2025-11-13
21383104,elastic wall,弹性墙,114.05.21,2025-11-13
21383105,elastic wave,弹性波,114.05.21,2025-11-13
21383106,elastic-plastic behavior,弹塑性行为,114.05.21,2025-11-13
21383107,elastic-plastic model,弹塑性模式,114.05.21,2025-11-13
21383108,elastic-plastic solid,弹塑性体,114.05.21,2025-11-13
21383109,elastic-plasticity of soil,土壤弹塑性,114.05.21,2025-11-13
21383110,elasto-plastic model,弹塑性模式,113.05.22,2025-11-13
21383111,elasto-plasticity theory,弹塑性理论,114.05.21,2025-11-13
21383112,electric crane,电动起重机,114.05.21,2025-11-13
21383113,electric detonator,电雷管,114.05.21,2025-11-13
21383114,electric double layer,电双层,114.05.21,2025-11-13
21383115,electric log,电井测,113.04.25,2025-11-13
21383116,electric profiling,电测剖面法,114.05.21,2025-11-13
21383117,electrical piezometer,电子水压计,114.05.21,2025-11-13
21383118,electrical prospecting,电探法,114.05.21,2025-11-13
21383119,electrical resistivity,电阻率,114.05.21,2025-11-13
21383120,electrical sounding,电探,114.05.21,2025-11-13
21383121,electrochemical effect,电化学效应,114.05.21,2025-11-13
21383122,electrochemical hardening,电化学加固,114.05.21,2025-11-13
21383123,electrochemical process,电化程序,114.05.21,2025-11-13
21383124,electrochemical soil stabilization,电化学土壤稳固,113.04.19,2025-11-13
21383125,electrochemical stabilization,电化学稳固,114.05.21,2025-11-13
21383126,electrokinetic coupling,电动耦合,114.05.21,2025-11-13
21383127,electrokinetic phenomena,电动现象,114.05.21,2025-11-13
21383128,electrokinetic potential,电位,114.05.21,2025-11-13
21383129,electrokinetics,电动力学,113.04.25,2025-11-13
21383130,electromagnetic attraction,电磁引力,114.06.23,2025-11-13
21383131,electromagnetic oscillator,电磁振荡器,114.06.23,2025-11-13
21383132,electromagnetic prospecting,电磁探勘,114.06.23,2025-11-13
21383133,electromagnetic subsurface probing,电磁地下探测,114.06.23,2025-11-13
21383134,electron microscope,电子显微镜,114.06.23,2025-11-13
21383135,electronic chart,电子海图,114.06.23,2025-11-13
21383136,electronic distance measurement,电子测距法,114.06.23,2025-11-13
21383137,electronic map,电子地图,114.06.23,2025-11-13
21383138,electro-osmosis,电渗,114.06.23,2025-11-13
21383139,electro-osmosis consolidation,电渗透压密,113.12.03,2025-11-13
21383140,electro-osmosis drainage,电渗排水,114.03.19,2025-11-13
21383141,electro-osmotic drainage,电渗排水,114.06.23,2025-11-13
21383142,electro-osmotic stabilization,电渗加固,114.06.23,2025-11-13
21383143,electro-osmotic transmission coefficient,电渗传导系数,114.06.23,2025-11-13
21383144,electrostatic force,静电力,114.06.23,2025-11-13
21383145,elevated interchange,高架交流道,114.06.23,2025-11-13
21383146,elevation of borehole,孔口高程；钻孔高程,114.06.23,2025-11-13
21383147,e-log p curve,孔隙比-对数压力曲线；孔隙比-对数平均有效压力曲线,114.06.23,2025-11-13
21383148,elutriation test,淘析试验,114.06.23,2025-11-13
21383149,eluvial soil,淋洗残积土；淋滤残积土,114.06.23,2025-11-13
21383150,eluviation,淋洗作用；淋滤作用,114.06.23,2025-11-13
21383151,eluvium,淋洗残积层,114.06.23,2025-11-13
21383152,embankment,岸堤,113.05.22,2025-11-13
21383153,embankment dam,堆填坝,114.06.23,2025-11-13
21383154,embeded construction,嵌埋式构造,114.06.23,2025-11-13
21383155,embeded depth,埋置深度,114.06.23,2025-11-13
21383156,embedment,埋置；埋置物,114.06.23,2025-11-13
21383157,emergency works,紧急工程,114.06.23,2025-11-13
21383158,end restraint effect,端部约束效应,114.06.23,2025-11-13
21383159,end-bearing pile,点承桩,114.06.23,2025-11-13
21383160,endochronic theory,内涵时间理论,114.06.23,2025-11-13
21383161,end-tipping,端倾卸,114.06.23,2025-11-13
21383162,energy ratio,能量比,114.06.23,2025-11-13
21383163,engineered fill,工程填料,114.06.23,2025-11-13
21383164,engineering geological condition,工程地质条件,114.06.23,2025-11-13
21383165,engineering geological evaluation,工程地质评估,114.06.23,2025-11-13
21383166,engineering geological exploration,工程地质探勘,114.06.23,2025-11-13
21383167,engineering geological investigation,工程地质调查,114.06.23,2025-11-13
21383168,engineering geological map,工程地质图,114.06.23,2025-11-13
21383169,engineering geological mapping,工程地质绘图；工程地质测绘,114.06.23,2025-11-13
21383170,engineering geological prospecting,工程地质勘察,114.06.23,2025-11-13
21383171,Engineering News formula,工程新闻打桩公式,114.06.23,2025-11-13
21383172,engineering practice,工程实务,114.06.23,2025-11-13
21383173,engineering property,工程性质,114.06.23,2025-11-13
21383174,engineering survey,工程测量,114.06.23,2025-11-13
21383175,engineering treatment,工程处理,114.06.23,2025-11-13
21383176,enlarged base,扩座,114.06.23,2025-11-13
21383177,entrained material,携带物,114.06.23,2025-11-13
21383178,entrainment factor,传输因子；传输因数,114.06.23,2025-11-13
21383179,envelope grouting,包络灌浆,113.04.25,2025-11-13
21383180,environmental data,环境资料,114.06.23,2025-11-13
21383181,environmental effect,环境效应,114.06.23,2025-11-13
21383182,environmental engineering geology,环境工程地质学,114.06.23,2025-11-13
21383183,environmental factor,环境因子；环境因数,114.06.23,2025-11-13
21383184,environmental geology,环境地质学,114.06.23,2025-11-13
21383185,environmental hydrogeology,环境水文地质学,114.06.23,2025-11-13
21383186,environmentally sensitive industries,环境敏感产业,114.06.23,2025-11-13
21383187,eolian deposit,风积土,114.06.23,2025-11-13
21383188,epeirogenic movement,造陆运动,114.06.23,2025-11-13
21383189,epeirogeny,造陆作用,114.06.23,2025-11-13
21383190,epicenter,震央,114.06.23,2025-11-13
21383191,equation,公式；方程式,114.06.23,2025-11-13
21383192,equipotential line,等势能线；等位线,114.06.23,2025-11-13
21383193,equivalent angle of internal friction,等效内摩擦角,114.06.23,2025-11-13
21383194,equivalent consolidation pressure,等效压密压力,114.06.23,2025-11-13
21383195,equivalent damping ratio,等效阻尼比,114.06.23,2025-11-13
21383196,equivalent diameter,等效直径,114.06.23,2025-11-13
21383197,equivalent fluid,等效流体,114.06.23,2025-11-13
21383198,equivalent grain size,等效粒径,114.06.23,2025-11-13
21383199,equivalent soil layer method,等效土层法；等值土层法,114.06.23,2025-11-13
21383200,equivalent specific heat,等效比热,114.06.23,2025-11-13
21383201,equivalent stress,等效应力,114.06.23,2025-11-13
21383202,equivalent time,等效时间,114.06.23,2025-11-13
21383203,equivalent weight replacement method,等效重量置换法,114.06.23,2025-11-13
21383204,equivoluminal wave,等体积波,114.06.23,2025-11-13
21383205,erosion activity,侵蚀作用,114.06.23,2025-11-13
21383206,erosion control blanket (ECB),防蚀护毯,113.04.25,2025-11-13
21383207,erosion gully,侵蚀沟；冲蚀沟,114.06.23,2025-11-13
21383208,erosion surface,侵蚀面,114.06.23,2025-11-13
21383209,establishment period,创设期,114.07.31,2025-11-13
21383210,estavelle,岩溶消溢穴,114.07.31,2025-11-13
21383211,estuarine deposit,河口沉积物,114.07.31,2025-11-13
21383212,excavation works,开挖工程，挖掘工程,114.07.31,2025-11-13
21383213,excavator,挖土机,114.07.31,2025-11-13
21383214,excess pore water pressure,超额孔隙水压,114.07.31,2025-11-13
21383215,exchange capacity,交换能力；交换容量,113.04.25,2025-11-13
21383216,excitation,激发,114.07.31,2025-11-13
21383217,exit angle,流出角；出射角,114.07.31,2025-11-13
21383218,exit gradient,流出梯度,114.07.31,2025-11-13
21383219,exogenic geological hazard,外营地质灾害,114.07.31,2025-11-13
21383220,exogenous process,外营作用,114.07.31,2025-11-13
21383221,expandability,扩充性,114.07.31,2025-11-13
21383222,expanding auger,扩孔钻,114.07.31,2025-11-13
21383223,expansion index,膨胀指数,114.07.31,2025-11-13
21383224,expansive soil,膨胀土；膨胀性土,114.07.31,2025-11-13
21383225,exploitation,开发；开采 ,114.07.31,2025-11-13
21383226,exploration,探勘；探查,114.07.31,2025-11-13
21383227,exploratory adit,探查横坑,114.07.31,2025-11-13
21383228,exploratory borehole,探查钻孔,114.07.31,2025-11-13
21383229,exploratory phase,探查阶段；探勘阶段,114.07.31,2025-11-13
21383230,exploratory pit,探查坑,114.07.31,2025-11-13
21383231,exploratory point,探查点,114.07.31,2025-11-13
21383232,exploratory shaft,探查井；探测井,114.07.31,2025-11-13
21383233,exploratory trench,探查槽沟,114.07.31,2025-11-13
21383234,explosive compaction,炸震夯实,114.07.31,2025-11-13
21383235,explosives depot,炸药库,114.07.31,2025-11-13
21383236,extension,伸张,113.04.25,2025-11-13
21383237,extension test,伸张试验,114.07.31,2025-11-13
21383238,extensometer,伸张计；伸缩仪,114.07.31,2025-11-13
21383239,external water pressure,外水压力,114.07.31,2025-11-13
21383240,extract,萃取,114.07.31,2025-11-13
21383241,extractor,拔桩机；萃取器,114.07.31,2025-11-13
21383242,extrados,拱背；外弧线,113.04.25,2025-11-13
21383243,extrapolation,外推法,114.07.31,2025-11-13
21383244,extra-sensitive clay,超灵敏性黏土,114.07.31,2025-11-13
21383245,extreme event,极端事件,114.07.31,2025-11-13
21383246,extreme loading condition,极端荷载条件,114.07.31,2025-11-13
21383247,extruder,顶土器,114.07.31,2025-11-13
21383248,extrusion test,挤出试验,114.07.31,2025-11-13
21383249,extrusive rock,喷出岩,114.07.31,2025-11-13
21383250,fabric,织物；组构,113.04.25,2025-11-13
21383251,fabric analysis,组构分析,114.07.31,2025-11-13
21383252,fabric anisotropy,组构异向性,114.07.31,2025-11-13
21383253,fabric form,组构形式；织物型态,114.07.31,2025-11-13
21383254,fabric peak strength,织物尖峰强度,114.07.31,2025-11-13
21383255,facing stone,面层石；护层石,114.07.31,2025-11-13
21383256,factor,因数；系数；因素,114.07.31,2025-11-13
21383257,factor of reduction,折减因数,114.07.31,2025-11-13
21383258,factor of safety,安全因数；安全系数,114.07.31,2025-11-13
21383259,factor of safety against overturning,抗倾倒安全因数；抗倾倒安全系数,114.07.31,2025-11-13
21383260,factor of safety against sliding,抗滑安全因数；抗滑安全系数,114.07.31,2025-11-13
21383261,failure,破坏；失效,114.07.31,2025-11-13
21383262,failure criterion,破坏准则,114.07.31,2025-11-13
21383263,failure envelope,破坏包络线；破坏包络面,114.07.31,2025-11-13
21383264,failure mechanism,破坏机制,114.07.31,2025-11-13
21383265,failure plane,破坏面,114.07.31,2025-11-13
21383266,failure scar,崩崖；崩塌残壁,114.07.31,2025-11-13
21383267,failure strain,破坏应变,114.07.31,2025-11-13
21383268,failure stress,破坏应力,114.07.31,2025-11-13
21383269,failure surface,破坏面,114.07.31,2025-11-13
21383270,failure volume,坍塌体积；崩塌体积,114.07.31,2025-11-13
21383271,failure wedge,坍塌楔块；崩塌楔块,114.07.31,2025-11-13
21383272,fall cone method,落锥法｛液限试验｝,114.08.22,2026-04-30
21383273,falling cone method,落锥法｛液限试验｝,114.08.22,2026-04-30
21383274,falling head permeability test,变水头试验,114.08.22,2025-11-13
21383275,fault,断层；接缝高差,113.04.25,2025-11-13
21383276,fault breccia,断层角砾岩,114.08.22,2025-11-13
21383277,fault creep,断层潜移；断层蠕动,114.08.22,2025-11-13
21383278,fault displacement,断层位移,114.08.22,2025-11-13
21383279,fault gouge,断层泥,114.08.22,2025-11-13
21383280,fault zone,断层带,114.08.22,2025-11-13
21383281,feasibility,可行性,114.08.22,2025-11-13
21383282,feasibility assessment,可行性评估,114.08.22,2025-11-13
21383283,feasibility design,可行性设计,114.08.22,2025-11-13
21383284,feeler inspection,探隙检测,114.08.22,2025-11-13
21383285,feldspar porphyry dyke,长石斑岩脉,114.08.22,2025-11-13
21383286,Fellenius method of slices,费伦尼斯切片法,114.08.22,2025-11-13
21383287,fen,泥炭质沼泽,114.08.22,2025-11-13
21383288,fence diagram,栅状图,114.08.22,2025-11-13
21383289,fencing,围篱；围栏,114.08.22,2025-11-13
21383290,fender,防护垫,114.08.22,2025-11-13
21383291,fender pile,防护桩,114.08.22,2025-11-13
21383292,fendering system,护舷系统,114.08.22,2025-11-13
21383293,Ferret's triangle,菲瑞特三角图,114.08.22,2026-04-30
21383294,ferrihydrite,褐铁矿；水合氧化铁,114.08.22,2025-11-13
21383295,fetch length,风浪作用距离,114.08.22,2025-11-13
21383296,fibrous soil,纤维质土壤,114.08.22,2025-11-13
21383297,field bearing test,现地承载力试验,114.08.22,2025-11-13
21383298,field book,野外手簿；野帐本,114.08.22,2025-11-13
21383299,field data,野外资料,114.08.22,2025-11-13
21383300,field inspection,野外检测,114.08.22,2025-11-13
21383301,field loading test,现地荷载试验,114.08.22,2025-11-13
21383302,field measurement,现地量测,114.08.22,2025-11-13
21383303,field moisture equivalent,工地湿当量；现地含水当量,114.08.22,2025-11-13
21383304,field recompression curve,现地再压缩曲线,114.08.22,2025-11-13
21383305,field seepage test,现地渗透试验,113.04.19,2025-11-13
21383306,field survey,野外测量；野外勘测,114.08.22,2025-11-13
21383307,field test,现地试验,114.08.22,2025-11-13
21383308,field vane shear test,现地记录表,114.08.22,2025-11-13
21383309,field vane test,现地十字片剪试验,114.08.22,2025-11-13
21383310,fill,填方；填土,114.08.22,2025-11-13
21383311,fill material,填方材料；填土材料,114.08.22,2025-11-13
21383312,fill resources,填料资源,114.08.22,2025-11-13
21383313,fill slope,填坡；回填坡,114.08.22,2025-11-13
21383314,fill source,填料来源,114.08.22,2025-11-13
21383315,fill structure,填土结构；填筑结构,114.08.22,2025-11-13
21383316,filling,夹心｛岩石力学｝,113.04.25,2026-04-30
21383317,filter,滤层；过滤器,114.08.22,2025-11-13
21383318,filter bedding stone,滤层石,113.04.25,2025-11-13
21383319,filter blanket,过滤铺层；过滤护毯,114.08.22,2025-11-13
21383320,filter mat,滤垫,114.08.22,2025-11-13
21383321,filter paper drain,滤纸排水,114.08.22,2025-11-13
21383322,final penetration,最终贯入度,114.08.22,2025-11-13
21383323,final settlement,最终沉陷量,114.08.22,2025-11-13
21383324,fine gravel,细砾,114.08.22,2025-11-13
21383325,fine sand,细砂,113.04.19,2025-11-13
21383326,fine-grained soil,细粒土,113.04.19,2025-11-13
21383327,finger pier,突堤码头,114.08.22,2025-11-13
21383328,finite element method (FEM),有限元素法,114.08.22,2025-11-13
21383329,fishing tool,捞具｛钻探工程｝,113.04.25,2026-04-30
21383330,fissure,裂隙,114.08.22,2025-11-13
21383331,fissured clay,裂隙黏土,113.05.22,2025-11-13
21383332,fixed boundary condition,固定边界条件,114.08.22,2025-11-13
21383333,fixed piston sampler,固定活塞取样器,114.08.22,2025-11-13
21383334,fixed-ring consolidometer,固定环式压密仪,114.08.22,2025-11-13
21383335,flaky constituent,片状成分,114.08.22,2025-11-13
21383336,flame cleaning,火焰清理,114.08.22,2025-11-13
21383337,flammable liquid,易燃液体,113.11.26,2025-11-13
21383338,flat dilatometer,平板膨胀仪,114.08.22,2025-11-13
21383339,flat jack,平板千斤顶,114.08.22,2025-11-13
21383340,flexible conduit,柔性管道,114.08.22,2025-11-13
21383341,flexible retaining structure,柔性支撑结构；柔性挡土结构,114.08.22,2025-11-13
21383342,flexure,挠曲,114.08.22,2025-11-13
21383343,floating crane,浮吊；浮式起重机,114.08.22,2025-11-13
21383344,floc,絮凝物；胶羽,113.04.25,2025-11-13
21383345,flocculation,絮凝；胶凝作用,113.04.25,2025-11-13
21383346,flocculent structure,絮凝结构；飞絮状结构,113.04.25,2025-11-13
21383347,flow channel,水流渠道；流槽,114.01.13,2025-11-13
21383348,flow curve,流性曲线,113.04.25,2025-11-13
21383349,flow failure,流动型破坏,113.04.25,2025-11-13
21383350,flow function,流函数,113.04.25,2025-11-13
21383351,flow index,流性指数,113.04.25,2025-11-13
21383352,flow net,流网,113.04.25,2025-11-13
21383353,flow velocity,流速,113.04.25,2025-11-13
21383354,flowing ground,流动性地盘,113.04.25,2025-11-13
21383355,fluidifier,流化剂,113.04.25,2025-11-13
21383356,flush joint,平接头,113.04.25,2025-11-13
21383357,fluvial deposit,河流堆积,113.04.19,2025-11-13
21383358,foliation,叶理,113.04.25,2025-11-13
21383359,footing,基脚,113.04.19,2025-11-13
21383360,footwall,下盘｛地质｝,113.04.25,2026-04-30
21383361,forced oscillation,强制振荡,113.04.25,2025-11-13
21383362,forced vibration,强制振动,113.04.25,2025-11-13
21383363,forepoling,矢板工法；插板工法,113.04.25,2025-11-13
21383364,foundation,基础,113.04.19,2025-11-13
21383365,foundation treatment,高压喷射注浆法,113.05.22,2025-11-13
21383366,fracture,破裂；裂隙；断口｛地质｝,113.04.25,2026-04-30
21383367,fracture aperture,隙宽；裂隙宽度,113.07.11,2025-11-13
21383368,fracture frequency,破裂频率,113.04.25,2025-11-13
21383369,fracture pattern,破裂型态,113.04.25,2025-11-13
21383370,fracture width,隙宽；裂隙宽度,113.07.11,2025-11-13
21383371,fracturing,破裂,113.04.25,2025-11-13
21383372,fragmentation,破碎作用；破碎度,113.04.25,2025-11-13
21383373,free vibration,自由振动,113.04.25,2025-11-13
21383374,friable rock,易碎岩石,113.04.25,2025-11-13
21383375,friction pile,摩擦桩,113.04.19,2025-11-13
21383376,frost action,冻融作用,113.04.25,2025-11-13
21383377,frost boil,冻沸,113.04.25,2025-11-13
21383378,frost heave,冻胀,113.04.25,2025-11-13
21383379,gel time,胶凝时间,113.04.25,2025-11-13
21383380,general shear failure,全面剪力破坏,113.05.22,2026-02-12
21383381,geophysical exploration,地球物理探勘,114.01.13,2025-11-13
21383382,geosynthetics,地工合成材；地工聚合物,113.05.22,2026-02-12
21383383,geotextile,地工织物,113.05.22,2025-11-13
21383384,glacial deposit,粒度分析,113.05.22,2025-11-13
21383385,grain size analysis,粒径分析,113.04.25,2025-11-13
21383386,grain size curve,粒径曲线,113.05.22,2025-11-13
21383387,granular material,颗粒材料,113.04.25,2025-11-13
21383388,granule,细砾,113.04.19,2025-11-13
21383389,gravel,砾石；卵砾石,113.04.19,2025-11-13
21383390,gravel pack,砾石填充材,113.04.25,2025-11-13
21383391,gravelly sand,砾砂；砾质砂,113.05.22,2025-11-13
21383392,gravelly soil,砾质土,113.05.22,2025-11-13
21383393,gravity grouting,重力灌浆,113.04.25,2025-11-13
21383394,groin,丁坝,113.04.25,2025-11-13
21383395,ground anchor,地锚,115.02.26,2026-03-03
21383396,ground arch,地拱,113.04.25,2025-11-13
21383397,ground treatment,地盘处理,113.05.22,2025-11-13
21383398,groundwater,地下水,113.05.22,2025-11-13
21383399,groundwater barrier,地下水障壁,113.04.25,2025-11-13
21383400,groundwater discharge,地下水流量,113.04.25,2025-11-13
21383401,groundwater elevation,地下水高程,113.04.25,2025-11-13
21383402,groundwater level,地下水位,113.04.25,2025-11-13
21383403,groundwater surface,地下水面,113.04.25,2025-11-13
21383404,group pile,群桩,113.05.22,2025-11-13
21383405,grout cap,灌浆帽,113.04.25,2025-11-13
21383406,grout gallery,灌浆廊道,113.04.25,2025-11-13
21383407,grout mix,灌浆料,113.04.25,2025-11-13
21383408,grout system,灌浆系统,113.04.25,2025-11-13
21383409,grout take,吃浆量；耗浆量,113.04.25,2025-11-13
21383410,groutability,可灌性,113.04.25,2025-11-13
21383411,grouted aggregate concrete,粒料灌浆混凝土,113.04.25,2025-11-13
21383412,hanging wall,上盘｛地质｝,113.04.25,2026-04-30
21383413,hardpan,硬土盘,113.04.25,2025-11-13
21383414,high pressure jet grouting,高压喷射灌浆法,113.05.22,2025-11-13
21383415,hydraulic fracturing,水力破裂,113.05.22,2025-11-13
21383416,hydraulic ram pile driver,液压式冲锤打桩机,113.07.11,2026-04-30
21383417,hypocenter,震源,114.05.21,2025-11-13
21383418,illite,伊利石,113.05.22,2025-11-13
21383419,initial compression,初期压缩,113.04.25,2025-11-13
21383420,initial consolidation,初期压密,113.04.25,2025-11-13
21383421,initiator,起爆器；起发剂,113.04.25,2025-11-13
21383422,inlet well,集水井,113.11.26,2025-11-13
21383423,in-situ direct shear test,现地直剪试验,113.05.22,2025-11-13
21383424,in-situ test,现地试验,113.05.22,2025-11-13
21383425,inspection,查验；检测,114.07.31,2025-11-13
21383426,internal friction angle,内摩擦角,113.04.19,2025-11-13
21383427,International Association for Engineering Geology and the Environment (IAEG),国际工程地质协会 ,113.06.14,2025-11-13
21383428,investigation,调查｛综合调查｝,114.07.31,2026-04-30
21383429,kaolinite,高岭石；高岭土,113.05.22,2025-11-13
21383430,laboratory soil test,室内土壤试验,113.05.22,2025-11-13
21383431,lacustrine deposit,湖积层；湖泊沉积,113.05.22,2025-11-13
21383432,lateral earth pressure,侧向土压力,113.05.22,2025-11-13
21383433,laterite,红土,113.05.22,2025-11-13
21383434,levee,堤,113.05.22,2025-11-13
21383435,lime soil,石灰质土,113.05.22,2025-11-13
21383436,limit equilibrium analysis,极限平衡分析,113.05.22,2025-11-13
21383437,liquefaction,液化,114.05.21,2025-11-13
21383438,liquid limit,液性限度,113.05.22,2025-11-13
21383439,liquidity index,液性指数,113.05.22,2025-11-13
21383440,local shear failure,局部剪力破坏,113.05.22,2025-11-13
21383441,loess,黄土,113.05.22,2025-11-13
21383442,long-term strength,长期强度,113.05.22,2025-11-13
21383443,medium sand,中砂,113.05.22,2025-11-13
21383444,mica,云母,113.05.22,2025-11-13
21383445,minimum dry density,最小干密度,113.04.25,2025-11-13
21383446,Mohr-Coulomb law,摩尔库仑定律,113.05.22,2025-11-13
21383447,Mohr's envelope,摩尔包络线,113.05.22,2026-04-30
21383448,moist density,湿密度,113.04.25,2025-11-13
21383449,montmorillonite,蒙脱石；蒙脱土,113.05.22,2026-04-30
21383450,non-displacement pile,非打入桩,113.05.22,2025-11-13
21383451,normally consolidated soil,正常压密土,113.05.22,2025-11-13
21383452,oceanic deposit,海洋沉积,113.05.22,2025-11-13
21383453,oedometer test,压密试验,113.04.19,2025-11-13
21383454,oedometric modulus,侧限压密模数,113.05.22,2025-11-13
21383455,offshore deposit,离岸沉积,113.05.22,2025-11-13
21383456,open caisson foundation,开放式沉箱基础,113.05.22,2025-11-13
21383457,organic soil,有机土,113.05.22,2025-11-13
21383458,osmotic pressure,渗透压,113.07.11,2026-04-30
21383459,overburden pressure,覆土压力；覆盖压力,113.05.22,2025-11-13
21383460,overconsolidated soil,过压密土,113.05.22,2025-11-13
21383461,particle density,颗粒密度,113.04.25,2025-11-13
21383462,particle size distribution,粒径分布,113.04.25,2025-11-13
21383463,passive earth pressure,被动土压力,113.05.22,2025-11-13
21383464,peak strength,尖峰强度,113.05.22,2025-11-13
21383465,peat,泥炭,113.04.25,2026-04-30
21383466,pebble,小砾；小卵石,113.04.19,2025-11-13
21383467,percussion boring,冲击钻孔,113.08.22,2025-11-13
21383468,permafrost,永冻土,113.05.22,2025-11-13
21383469,permeability test,渗透试验,113.05.22,2025-11-13
21383470,phreatic surface,自由水面,113.04.25,2025-11-13
21383471,pier foundation,墩基,113.05.22,2025-11-13
21383472,pile cap,桩帽,113.05.22,2025-11-13
21383473,pile end resistance,桩底阻力,114.06.23,2025-11-13
21383474,pile foundation,桩基础；桩基,113.05.22,2025-11-13
21383475,piling dolly,桩垫,114.03.19,2025-11-13
21383476,pipe jacking,推管工法,113.12.03,2025-11-13
21383477,pipe roofing,管幂工法；管幕工法,113.04.25,2025-11-13
21383478,piping,管涌,113.05.22,2025-11-13
21383479,plastic limit,塑性限度,113.05.22,2025-11-13
21383480,plasticity index,塑性指数,113.05.22,2025-11-13
21383481,plate-loading test,平钣载重试验；平板载重试验,113.05.22,2025-11-13
21383482,pneumatic caisson foundation,气动沉箱基础,113.04.19,2025-11-13
21383483,point bearing pile,点承桩,113.05.22,2025-11-13
21383484,pore pressure dissipation,孔隙压力消散,113.05.22,2025-11-13
21383485,pore water pressure,孔隙水压,113.05.22,2025-11-13
21383486,primary consolidation,主要压密,113.05.22,2025-11-13
21383487,Proctor curve,夯实曲线,113.04.25,2025-11-13
21383488,progressive failure,渐进式破坏,113.05.22,2025-11-13
21383489,protective casing,保护套管,113.04.25,2025-11-13
21383490,protective filter,保护滤层,113.04.25,2025-11-13
21383491,punching shear failure,贯穿剪力破坏,113.05.22,2026-04-30
21383492,radar geophysical survey,雷达地球物理调查,113.05.22,2025-11-13
21383493,raft foundation,筏基；筏式基础,113.05.22,2025-11-13
21383494,Rankine state of stress,朗金应力状态,113.05.22,2025-11-13
21383495,reconnaissance,初勘；踏勘,114.07.31,2025-11-13
21383496,reinforced concrete pile,钢筋混凝土桩,113.05.22,2025-11-13
21383497,reinforced earth,加劲土,113.05.22,2025-11-13
21383498,reinforcement cage,钢筋笼,113.09.10,2025-11-13
21383499,relative density test,相对密度试验,113.05.22,2025-11-13
21383500,reliability,可靠度,113.05.22,2026-04-30
21383501,remolded sample,重模样本,113.05.22,2025-11-13
21383502,residual strength,残余强度,113.05.22,2025-11-13
21383503,retaining pile,挡土桩,113.04.19,2025-11-13
21383504,retaining wall,挡土墙,113.04.19,2025-11-13
21383505,Richter scale,芮氏规模,114.05.21,2025-11-13
21383506,rigid foundation,刚性基础,113.05.22,2025-11-13
21383507,rigid-plastic model,刚塑性模型,113.05.22,2025-11-13
21383508,rock blasting,岩石爆破,113.08.22,2025-11-13
21383509,rock dentition,岩缝补隙,114.02.04,2025-11-13
21383510,rockfill dam,堆石坝,114.05.21,2025-11-13
21383511,rolling compaction,滚压夯实；碾压夯实,113.11.26,2025-11-13
21383512,saline soil,盐渍土,113.05.22,2025-11-13
21383513,salty soil,盐渍土,113.05.22,2025-11-13
21383514,sample,样本,113.05.22,2025-11-13
21383515,sampling,取样,113.05.22,2025-11-13
21383516,sand,砂,113.05.22,2025-11-13
21383517,sand drain,砂井,113.05.22,2025-11-13
21383518,sand pile,砂桩,113.05.22,2025-11-13
21383519,sandy silt,砂质粉土,113.05.22,2025-11-13
21383520,saturated collapse,湿陷,113.11.26,2026-04-30
21383521,saturated density,饱和密度,113.04.25,2025-11-13
21383522,secondary consolidation,次要压密,113.05.22,2025-11-13
21383523,seepage failure,渗流破坏,113.05.22,2025-11-13
21383524,seepage force,渗流力,113.05.22,2025-11-13
21383525,seismic geophysical  exploration,震波地球物理探勘,113.05.22,2025-11-13
21383526,seismic wave,地震波；震波,114.05.21,2025-11-13
21383527,serviceability,服务性,113.05.22,2025-11-13
21383528,settlement,沉陷,113.05.22,2025-11-13
21383529,shallow foundation,浅基础,113.05.22,2025-11-13
21383530,shrinkage limit,缩性限度,113.05.22,2025-11-13
21383531,silicification,矽化作用,113.05.22,2025-11-13
21383532,silt,粉土,113.05.22,2025-11-13
21383533,silty clay,粉质黏土,113.05.22,2025-11-13
21383534,silty sand,粉质砂,113.05.22,2025-11-13
21383535,single footing,独立基脚,113.05.22,2025-11-13
21383536,slab foundation,版式基础,113.05.22,2025-11-13
21383537,slices method,切片法；圆弧切片分析法,113.10.22,2025-11-13
21383538,slip surface,滑动面,113.05.22,2025-11-13
21383539,sloughing,坍孔；沼泽化；垂流｛喷凝土｝；崩溃；崩塌,113.04.25,2026-04-30
21383540,soft clay,软黏土,113.05.22,2025-11-13
21383541,soil binder,土壤结合料,113.04.25,2025-11-13
21383542,soil exploration,土壤探勘；土壤探查,113.05.22,2025-11-13
21383543,soil investigation,土壤调查,113.05.22,2025-11-13
21383544,soil profile,土壤剖面,113.05.22,2025-11-13
21383545,solid density,固体密度,113.04.25,2025-11-13
21383546,specimen,试体；试样,113.05.22,2025-11-13
21383547,spread foundation,扩展式基础,113.05.22,2025-11-13
21383548,state of plastic equilibrium,塑性平衡状态,113.05.22,2025-11-13
21383549,static loading test,静载重试验,114.02.04,2025-11-13
21383550,steady flow,稳定流,113.04.25,2025-11-13
21383551,strain softening,应变软化,113.05.22,2025-11-13
21383552,strain-controlled test,应变控制试验,113.04.25,2025-11-13
21383553,stress-controlled test,应力控制试验,113.04.25,2025-11-13
21383554,strip footing,条形基脚,113.04.19,2025-11-13
21383555,submerged density,浸水密度；浸没密度,113.04.25,2025-11-13
21383556,substratum,基底层,113.05.22,2025-11-13
21383557,suction,吸力,113.05.22,2025-11-13
21383558,sump well,集水井,113.11.26,2025-11-13
21383559,superimposed load,外加载重,113.05.22,2025-11-13
21383560,surface casing,表层套管,113.04.25,2025-11-13
21383561,surface dry density,面干密度,113.04.25,2026-04-30
21383562,survey,测量；调查 {普查},114.07.31,2025-11-13
21383563,swelling pressure,膨胀压力,113.05.22,2025-11-13
21383564,swelling soil,回胀性土壤,113.04.19,2025-11-13
21383565,telemetry,遥测术,113.07.11,2026-04-30
21383566,texture,纹理；组构,113.04.25,2025-11-13
21383567,timber pile,木桩,113.05.22,2025-11-13
21383568,time factor,时间因数；时间因子,113.04.25,2025-11-13
21383569,total density,总密度,113.04.25,2025-11-13
21383570,total stress,总应力,113.05.22,2025-11-13
21383571,triaxial shear test,三轴剪力试验,113.05.22,2025-11-13
21383572,true triaxial test apparatus,真三轴试验仪,114.01.13,2025-11-13
21383573,tubular column foundation,管柱基础,113.04.19,2025-11-13
21383574,ultimate bearing capacity,极限承载力,113.05.22,2025-11-13
21383575,unconfined compression test,无围压缩试验,113.05.22,2025-11-13
21383576,unconfined compressive strength,无围压缩强度,113.04.25,2025-11-13
21383577,unconsolidated-undrained test (UU test),不压密不排水试验,113.04.25,2025-11-13
21383578,underlying stratum,下伏层,113.05.22,2025-11-13
21383579,underpinning method,托底工法,113.05.22,2025-11-13
21383580,undisturbed soil sample,未扰动土样,113.05.22,2025-11-13
21383581,uniaxial compressive strength,单轴压缩强度,113.04.25,2025-11-13
21383582,vacuum preloading,真空预压,113.05.22,2025-11-13
21383583,vibrating roller,振动滚压机,113.11.26,2025-11-13
21383584,vibro-densification,振动密实,113.05.22,2025-11-13
21383585,vibroflotation,振冲压实工法；振动扬实法,113.05.22,2025-11-13
21383586,viscoelastic behavior,黏弹行为,113.05.22,2025-11-13
21383587,void ratio,孔隙比,113.05.22,2025-11-13
21383588,volcanic ash,火山灰,113.05.22,2025-11-13
21383589,water density,水密度,113.04.25,2025-11-13
21383590,wave velocity survey,波速调查,113.05.22,2025-11-13
21383591,wet density,湿密度,113.04.25,2025-11-13
21383593,environmental impact assessment (EIA),环境影响评估,114.06.23,2025-11-13
21383594,epoxy coating,环氧树脂涂层,114.06.23,2025-11-13
21383595,equipressure line,等压线,114.06.23,2025-11-13
21383596,failure loading,破坏荷载,114.07.31,2025-11-13
21383597,finite difference method (FDM),有限差分法,114.08.22,2025-11-13
