ID,英文名稱,中文名稱,圖片,部首,音,讀,更新日期
3354108,,【口山】,,口部,ㄕㄢ,山,2023-01-17
3354109,,【口久】,,口部,ㄐㄧㄡˇ,久,2023-01-17
3354110,,吖,,口部,ㄧㄚ,鸦,2023-01-17
3354111,,【口巾】,,口部,ㄐㄧㄣ,巾,2023-01-17
3354112,,吲,,口部,ㄧㄣˇ,引,2023-01-17
3354113,,【口元】,,口部,ㄨㄢˊ,玩,2023-01-17
3354114,,呃,,口部,ㄜˋ,厄,2023-01-17
3354115,,吩,,口部,ㄈㄣ,分,2023-01-17
3354116,,呋,,口部,ㄈㄨ,夫,2023-01-17
3354117,,【口井】,,口部,ㄐㄧㄥˇ,井,2023-01-17
3354118,,吡,,口部,ㄅㄧˇ,比,2023-01-17
3354119,,呔,,口部,ㄊㄞˋ,太,2023-01-17
3354120,,呠,,口部,ㄅㄣˇ,本,2023-01-17
3354121,,呸,,口部,ㄆㄟ,胚,2023-01-17
3354122,,呱,,口部,ㄍㄨㄚ,瓜,2023-01-17
3354123,,【口末】,,口部,ㄇㄛˋ,末,2023-01-17
3354124,,咔,,口部,ㄎㄚˇ,卡,2023-01-17
3354125,,呾,,口部,ㄉㄢˋ,旦,2023-01-17
3354126,,呤,,口部,ㄌㄧㄥˊ,铃,2023-01-17
3354127,,咹,,口部,ㄢ,安,2023-01-17
3354128,,【口叵】,,口部,ㄆㄛˇ,剖,2023-01-17
3354129,,哚,,口部,ㄉㄨㄛˇ,朵,2023-01-17
3354130,,咯,,口部,ㄌㄨㄛˋ,洛,2023-01-17
3354131,,哌,,口部,ㄆㄞˋ　,派,2023-01-17
3354132,,哢,,口部,ㄋㄨㄥˋ,弄,2023-01-17
3354133,,唑,,口部,ㄗㄨㄛˋ,坐,2023-01-17
3354134,,啶,,口部,ㄉㄧㄥˋ,定,2023-01-17
3354135,,唍,,口部,ㄨㄢˊ,完,2023-01-17
3354136,,呯,,口部,ㄆㄧㄥˊ,平,2023-01-17
3354137,,【口半】,,口部,ㄅㄢˋ,半,2023-01-17
3354138,,咁,,口部,ㄍㄢ,甘,2023-01-17
3354139,,喏,,口部,ㄋㄨㄛˋ,诺,2023-01-17
3354140,,【口辛】,,口部,ㄒㄧㄣ,辛,2023-01-17
3354141,,【口克】,,口部,ㄎㄜˋ,克,2023-01-17
3354142,,【口昆】,,口部,ㄎㄨㄣ,昆,2023-01-17
3354143,,【口奈】,,口部,ㄋㄞˋ,奈,2023-01-17
3354144,,唏,,口部,ㄒㄧ,希,2023-01-17
3354145,,啉,,口部,ㄌㄧㄣˊ,林,2023-01-17
3354146,,【口咢】,,口部,ㄜˋ,咢,2023-01-17
3354147,,【口星】,,口部,ㄒㄧㄥ,星,2023-01-17
3354148,,【口柬】,,口部,ㄌㄧㄢˋ,练,2023-01-17
3354149,,喹,,口部,ㄎㄨㄟˊ,奎,2023-01-17
3354150,,嗒,,口部,ㄉㄚ,搭,2023-01-17
3354151,,嗏,,口部,ㄔㄚˊ,茶,2023-01-17
3354152,,嘧,,口部,ㄇㄧˋ,密,2023-01-17
3354153,,嗪,,口部,ㄑㄧㄣˊ,秦,2023-01-17
3354154,,噙,,口部,ㄑㄧㄣˊ,禽,2023-01-17
3354155,,啿,,口部,ㄎㄢ,堪,2023-01-17
3354156,,嘌,,口部,ㄆㄧㄠ,飘,2023-01-17
3354157,,噻,,口部,ㄙㄞˋ,赛,2023-01-17
3354158,,咛,,口部,ㄋㄧㄥˊ,宁,2023-01-17
3354159,,坝,,土部,ㄅㄟˋ,贝,2023-01-17
3354160,,炔,,火部,ㄑㄩㄝ,缺,2023-01-17
3354161,,烷,,火部,ㄨㄢˊ,完,2023-01-17
3354162,,烯,,火部,ㄒㄧ,希,2023-01-17
3354163,,烃,,火部,ㄊㄧㄥ,听,2023-01-17
3354164,,肟,,月部,ㄨ,污,2023-01-17
3354165,,【月必】,,月部,ㄅㄧˋ,必,2023-01-17
3354166,,肼,,月部,ㄐㄧㄥˇ,井,2023-01-17
3354167,,肽,,月部,ㄊㄞˋ,太,2023-01-17
3354168,,胂,,月部,ㄕㄣ,申,2023-01-17
3354169,,胜,,月部,ㄕㄥ,生,2023-01-17
3354170,,胍,,月部,ㄍㄨㄚ,瓜,2023-01-17
3354171,,脒,,月部,ㄇㄧˇ,米,2023-01-17
3354172,,胩,,月部,ㄎㄚˇ,卡,2023-01-17
3354173,,胺,,月部,ㄢ,安,2023-01-17
3354174,,胲,,月部,ㄏㄞˋ,亥,2023-01-17
3354175,,脎,,月部,ㄕㄚ,杀,2023-01-17
3354176,,【月弟】,,月部,ㄊㄧˋ,悌,2023-01-17
3354177,,脲,,月部,ㄋㄧㄠˋ,尿,2023-01-17
3354178,,腈,,月部,ㄑㄧㄥ,青,2023-01-17
3354179,,腙,,月部,ㄗㄨㄥ,宗,2023-01-17
3354180,,【月+潜(之右)】,,月部,ㄑㄧㄢˊ,潜,2023-01-17
3354181,,膦,,月部,ㄌㄧㄣˊ,磷,2023-01-17
3354182,,氰,,气部,ㄑㄧㄥ,青,2023-01-17
3354183,,砜,,石部,ㄈㄥ,风,2023-01-17
3354184,,甾,,田部,ㄗ,玆,2023-01-17
3354185,,苄,,艸部,ㄅㄧㄢˋ,卞,2023-01-17
3354186,,【艹久】,,艸部,ㄐㄧㄡˇ,久,2023-01-17
3354187,,【艹卡】,,艸部,ㄎㄚˇ,卡,2023-01-17
3354188,,苉,,艸部,ㄆㄧ,匹,2023-01-17
3354189,,芘,,艸部,ㄅㄧˇ,比,2023-01-17
3354190,,苊,,艸部,ㄜˋ,厄,2023-01-17
3354191,,苯,,艸部,ㄅㄣˇ,本,2023-01-17
3354192,,苨,,艸部,ㄋㄧˊ,尼,2023-01-17
3354193,,茀,,艸部,ㄈㄨˊ,弗,2023-01-17
3354194,,茬,,艸部,ㄗㄞˋ,在,2023-01-17
3354195,,苝,,艸部,ㄅㄟˇ,北,2023-01-17
3354196,,茚,,艸部,ㄧㄣˋ,印,2023-01-17
3354197,,【艹申】,,艸部,ㄕㄣ,申,2023-01-17
3354198,,芪,,艸部,ㄕˋ,氏,2023-01-17
3354199,,茋,,艸部,ㄉㄧˇ,底,2023-01-17
3354200,,苷,,艸部,ㄍㄢ,甘,2023-01-17
3354201,,【艹叨】,,艸部,ㄉㄠ,叨,2023-01-17
3354202,,莰,,艸部,ㄎㄢˇ,坎,2023-01-17
3354203,,【艹伊】,,艸部,ㄧ,伊,2023-01-17
3354204,,【艹米】,,艸部,ㄇㄧˇ,米,2023-01-17
3354205,,【艹伯】,,艸部,ㄅㄛˊ,伯,2023-01-17
3354206,,荰,,艸部,ㄉㄨˋ,杜,2023-01-17
3354207,,【艹快】,,艸部,ㄎㄨㄞˋ,快,2023-01-17
3354208,,菲,,艸部,ㄈㄟ,非,2023-01-17
3354209,,【艹孟】,,艸部,ㄇㄥˋ,孟,2023-01-17
3354210,,萘,,艸部,ㄋㄞˋ,奈,2023-01-17
3354211,,萉,,艸部,ㄈㄟˊ,肥,2023-01-17
3354212,,萼,,艸部,ㄜˋ,咢,2023-01-17
3354213,,萜,,艸部,ㄊㄧㄝ,帖,2023-01-17
3354214,,【艹卓】,,艸部,ㄓㄨㄛˊ,卓,2023-01-17
3354215,,葑,,艸部,ㄈㄥ,封,2023-01-17
3354216,,蒈,,艸部,ㄎㄞˇ,楷,2023-01-17
3354217,,蒎,,艸部,ㄆㄞˋ,派,2023-01-17
3354218,,蒽,,艸部,ㄣ,恩,2023-01-17
3354219,,【艹散】,,艸部,ㄙㄢˇ,伞,2023-01-17
3354220,,【艹黑】,,艸部,ㄏㄟ,黑,2023-01-17
3354221,,【艹椎】,,艸部,ㄓㄨㄟ,椎,2023-01-17
3354222,,荜,,艸部,ㄅㄧˋ,毕,2023-01-17
3354223,,葎,,艸部,ㄌㄩˋ,律,2023-01-17
3354224,,苧,,艸部,ㄋㄧㄥˊ,宁,2023-01-17
3354225,,薁,,艸部,ㄠˋ,奥,2023-01-17
3354226,,羟,,<p>羊部</p>,<p>ㄑㄧㄤ</p>,"<p><span style=""font-size:13.0pt""><span style=""font-family:标楷体""><span style=""color:black"">枪</span></span></span></p>",2026-06-23
3354227,,羧,,羊部,ㄙㄨㄛ,梭,2023-01-17
3354228,,羰,,羊部,ㄊㄤ,汤,2023-01-17
3354229,,【酉夕】,,酉部,ㄒㄧˋ,矽,2023-01-17
3354230,,酐,,酉部,ㄍㄢ,干,2023-01-17
3354231,,酞,,酉部,ㄊㄞˋ,太,2023-01-17
3354232,,酚,,酉部,ㄈㄣ,分,2023-01-17
3354233,,【酉西】,,酉部,ㄒㄧ,西,2023-01-17
3354234,,【酉公】,,酉部,ㄙㄨㄥ,松,2023-01-17
3354235,,【酉朋】,,酉部,ㄆㄥˊ,朋,2023-01-17
3354236,,【酉易】,,酉部,ㄒㄧˊ,锡,2023-01-17
3354237,,酮,,酉部,ㄊㄨㄥˊ,同,2023-01-17
3354238,,酯,,酉部,ㄓˇ,止,2023-01-17
3354239,,醇,,酉部,ㄔㄨㄣˊ,纯,2023-01-17
3354240,,醌,,酉部,ㄎㄨㄣ,昆,2023-01-17
3354241,,【酉帝】,,酉部,ㄉㄧˋ,帝,2023-01-17
3354242,,【酉品】,,酉部,ㄆㄧㄣˇ,品,2023-01-17
3354243,,糖,,酉部,ㄊㄤˊ,唐,2023-01-17
3354244,,醚,,酉部,ㄇㄧˊ,迷,2023-01-17
3354245,,醛,,酉部,ㄑㄩㄢˊ,荃,2023-01-17
3354246,,醯,,酉部,ㄒㄧ,西,2023-01-17
3354247,,【金井】,,金部,ㄐㄧㄥˇ,井,2023-01-17
3354248,,𬬹,,金部,ㄕㄣ,申,2023-01-17
3354249,,铵,,金部,ㄢ,安,2023-01-17
3354250,,【金羊】,,金部,ㄧㄤˊ,羊,2023-01-17
3354251,,【金西】,,金部,ㄒㄧ,西,2023-01-17
3354252,,锉,,金部,ㄗㄨㄛˋ,坐,2023-01-17
3354253,,锍,,金部,ㄌㄧㄡˊ,流,2023-01-17
3354254,,鋽,,金部,ㄓㄨㄛˊ,卓,2023-01-17
3354255,,鍗,,金部,ㄉㄧˋ,帝,2023-01-17
3354256,,【金臭】,,金部,ㄒㄧㄡˋ,嗅,2023-01-17
3354257,,錪,,金部,ㄉㄧㄢˇ,典,2023-01-17
3354258,,鉘,,金部,ㄈㄨˊ,弗,2023-01-17
3354259,,鋞,,金部,ㄐ?ㄥˋ,径,2023-01-17
3354260,,𬭩,,金部,ㄨㄥ,翁,2023-01-17
3354261,,𬭸,,金部,ㄌㄧㄣˊ,磷,2023-01-17
3354262,,巯,,（其它）,ㄑㄧㄡˊ,求,2023-01-17
